EmployeeID,Age,Attrition,BusinessTravel,Department,EducationField,Gender,JobRole,JobSatisfaction,MaritalStatus,MonthlyIncome,OverTime,TotalWorkingYears,WorkLifeBalance,YearsAtCompany,YearsSinceLastPromotion
1000,36,Yes,Travel_Rarely,Research & Development,Medical,Male,Research Scientist,1,Divorced,5435,No,2,1,0,0
1001,53,No,Travel_Rarely,Sales,Medical,Female,Manager,4,Single,21937,No,5,3,3,0
1002,41,No,Travel_Frequently,Sales,Human Resources,Female,Sales Executive,4,Divorced,8442,No,18,1,5,3
1003,21,No,Travel_Rarely,Sales,Marketing,Male,Sales Executive,4,Divorced,7993,No,2,3,2,2
1004,60,No,Travel_Rarely,Sales,Life Sciences,Male,Manager,2,Single,16093,No,0,3,0,0
1005,36,No,Travel_Rarely,Research & Development,Medical,Female,Healthcare Representative,4,Divorced,8149,Yes,0,2,0,0
1006,44,No,Travel_Frequently,Research & Development,Technical Degree,Male,Research Director,2,Married,18654,No,4,2,4,0
1007,52,Yes,Travel_Frequently,Research & Development,Technical Degree,Male,Healthcare Representative,3,Married,8615,Yes,2,3,2,2
1008,35,No,Travel_Frequently,Sales,Medical,Male,Manager,2,Divorced,19533,No,16,2,8,1
1009,26,No,Travel_Frequently,Research & Development,Life Sciences,Male,Research Scientist,1,Single,5842,Yes,7,1,7,3
1010,29,No,Travel_Rarely,Research & Development,Human Resources,Female,Research Director,2,Married,16338,No,3,3,3,1
1011,26,Yes,Non-Travel,Research & Development,Life Sciences,Female,Healthcare Representative,1,Single,7724,No,2,2,0,0
1012,50,Yes,Travel_Rarely,Research & Development,Human Resources,Female,Manufacturing Director,4,Married,7664,No,2,2,0,0
1013,22,No,Travel_Frequently,Research & Development,Technical Degree,Male,Healthcare Representative,2,Married,8102,No,3,2,3,0
1014,34,No,Travel_Rarely,Sales,Medical,Male,Sales Representative,1,Married,2988,Yes,15,1,0,0
1015,44,No,Travel_Rarely,Research & Development,Human Resources,Female,Laboratory Technician,3,Single,3267,No,23,4,1,0
1016,22,No,Travel_Rarely,Sales,Life Sciences,Male,Sales Executive,2,Single,6248,No,3,1,3,2
1017,34,No,Non-Travel,Research & Development,Human Resources,Female,Manager,3,Single,21273,Yes,5,3,5,1
1018,60,No,Travel_Frequently,Sales,Other,Female,Sales Executive,1,Single,6088,No,3,1,2,2
1019,34,No,Travel_Frequently,Research & Development,Life Sciences,Male,Research Scientist,1,Married,5559,No,4,3,1,1
1020,54,No,Travel_Frequently,Sales,Life Sciences,Male,Sales Executive,4,Divorced,6525,No,1,3,1,0
1021,21,Yes,Travel_Rarely,Research & Development,Human Resources,Male,Manufacturing Director,4,Divorced,6874,No,0,1,0,0
1022,56,Yes,Travel_Frequently,Sales,Medical,Male,Sales Representative,1,Married,2808,No,8,3,3,0
1023,58,No,Travel_Rarely,Research & Development,Marketing,Female,Healthcare Representative,4,Divorced,9764,No,13,1,13,0
1024,36,No,Travel_Rarely,Research & Development,Medical,Male,Laboratory Technician,4,Single,2860,No,1,3,1,0
1025,40,Yes,Travel_Rarely,Research & Development,Marketing,Male,Healthcare Representative,3,Divorced,7199,No,3,1,0,0
1026,21,No,Travel_Rarely,Human Resources,Human Resources,Female,Manager,4,Single,17086,No,1,2,1,1
1027,31,No,Travel_Frequently,Research & Development,Marketing,Female,Research Director,3,Divorced,15449,No,4,3,0,0
1028,31,No,Travel_Rarely,Sales,Technical Degree,Female,Sales Executive,1,Married,8905,No,5,3,5,2
1029,32,No,Travel_Rarely,Research & Development,Medical,Female,Manager,3,Single,23717,No,7,1,7,6
1030,20,No,Travel_Frequently,Research & Development,Medical,Male,Laboratory Technician,2,Divorced,3580,No,0,4,0,0
1031,46,No,Travel_Frequently,Research & Development,Technical Degree,Female,Research Scientist,1,Married,5309,No,2,4,2,2
1032,51,No,Travel_Rarely,Research & Development,Other,Female,Manager,2,Divorced,18304,No,5,3,5,1
1033,23,No,Travel_Rarely,Sales,Life Sciences,Female,Sales Representative,4,Married,3128,Yes,4,2,1,0
1034,45,Yes,Non-Travel,Research & Development,Marketing,Female,Healthcare Representative,4,Married,8283,No,0,4,0,0
1035,53,No,Travel_Rarely,Research & Development,Human Resources,Female,Healthcare Representative,1,Divorced,7821,Yes,13,4,4,1
1036,27,No,Non-Travel,Sales,Medical,Male,Sales Representative,4,Married,3133,No,8,2,4,4
1037,48,Yes,Travel_Rarely,Research & Development,Other,Male,Laboratory Technician,1,Married,3936,No,3,4,3,0
1038,60,No,Travel_Rarely,Sales,Medical,Female,Sales Executive,4,Divorced,7434,No,0,1,0,0
1039,29,No,Travel_Rarely,Sales,Technical Degree,Female,Sales Representative,1,Divorced,3836,Yes,9,3,9,2
1040,59,No,Travel_Rarely,Sales,Human Resources,Female,Manager,1,Single,20050,No,2,3,2,0
1041,19,Yes,Travel_Frequently,Research & Development,Other,Female,Manufacturing Director,2,Divorced,8659,No,0,4,0,0
1042,49,No,Travel_Frequently,Research & Development,Technical Degree,Female,Research Director,3,Married,18639,Yes,6,4,6,1
1043,30,Yes,Travel_Frequently,Sales,Human Resources,Female,Sales Representative,1,Married,2637,No,6,2,2,0
1044,49,No,Travel_Rarely,Research & Development,Other,Female,Laboratory Technician,3,Married,3219,Yes,10,3,4,3
1045,41,Yes,Travel_Rarely,Human Resources,Technical Degree,Female,Manager,2,Divorced,15883,Yes,12,2,1,0
1046,57,Yes,Non-Travel,Research & Development,Life Sciences,Female,Research Director,2,Divorced,14873,Yes,3,3,0,0
1047,25,No,Non-Travel,Human Resources,Technical Degree,Female,Manager,4,Single,20294,Yes,6,1,5,1
1048,22,No,Travel_Rarely,Research & Development,Technical Degree,Female,Manager,4,Married,15662,Yes,1,2,1,1
1049,46,No,Travel_Rarely,Sales,Medical,Male,Manager,2,Single,21078,No,3,3,3,1
1050,19,No,Travel_Rarely,Research & Development,Marketing,Male,Laboratory Technician,4,Married,2756,No,0,1,0,0
1051,60,Yes,Travel_Rarely,Sales,Human Resources,Female,Sales Executive,3,Divorced,5858,No,1,4,1,0
1052,51,No,Travel_Rarely,Research & Development,Human Resources,Male,Manufacturing Director,1,Divorced,9367,No,7,1,3,1
1053,21,No,Travel_Frequently,Research & Development,Technical Degree,Female,Research Director,4,Married,16639,Yes,2,4,1,1
1054,25,Yes,Travel_Frequently,Research & Development,Marketing,Female,Manager,1,Single,17499,No,6,4,2,2
1055,51,No,Travel_Rarely,Human Resources,Medical,Female,Manager,4,Divorced,17401,Yes,17,4,0,0
1056,47,No,Travel_Rarely,Sales,Life Sciences,Male,Sales Representative,3,Single,3075,No,21,1,3,0
1057,60,No,Travel_Frequently,Research & Development,Medical,Female,Research Scientist,4,Single,5742,Yes,17,2,4,2
1058,27,No,Travel_Rarely,Research & Development,Other,Female,Research Director,1,Single,16481,No,8,3,1,1
1059,41,No,Travel_Frequently,Research & Development,Technical Degree,Male,Healthcare Representative,2,Married,9924,No,4,4,4,0
1060,43,No,Non-Travel,Research & Development,Technical Degree,Male,Manager,3,Divorced,23397,No,4,1,4,3
1061,28,No,Travel_Rarely,Research & Development,Human Resources,Female,Research Scientist,4,Married,5839,No,5,1,5,0
1062,53,No,Travel_Rarely,Research & Development,Human Resources,Male,Healthcare Representative,4,Married,8675,No,0,1,0,0
1063,20,Yes,Travel_Rarely,Sales,Other,Female,Sales Representative,2,Divorced,2551,Yes,0,2,0,0
1064,56,Yes,Travel_Rarely,Research & Development,Marketing,Female,Healthcare Representative,3,Divorced,7194,Yes,1,2,1,0
1065,48,Yes,Travel_Rarely,Human Resources,Human Resources,Female,Manager,3,Married,18142,Yes,18,3,1,0
1066,22,No,Travel_Rarely,Sales,Other,Female,Manager,3,Divorced,22161,No,3,2,3,3
1067,27,No,Travel_Rarely,Research & Development,Marketing,Female,Manager,2,Single,21094,No,8,1,8,2
1068,42,No,Travel_Rarely,Sales,Technical Degree,Male,Manager,3,Single,20127,No,7,3,7,3
1069,44,No,Travel_Rarely,Research & Development,Human Resources,Female,Laboratory Technician,4,Divorced,4741,Yes,25,3,9,0
1070,42,No,Travel_Frequently,Research & Development,Technical Degree,Female,Manager,2,Divorced,20641,No,1,1,1,0
1071,21,No,Travel_Rarely,Research & Development,Human Resources,Female,Laboratory Technician,4,Divorced,3026,No,2,3,2,1
1072,45,No,Travel_Rarely,Research & Development,Medical,Female,Laboratory Technician,2,Single,5091,Yes,10,4,10,1
1073,53,No,Travel_Frequently,Human Resources,Human Resources,Male,Manager,4,Single,19699,No,23,1,6,0
1074,27,No,Travel_Frequently,Research & Development,Other,Male,Laboratory Technician,2,Married,3457,No,8,3,1,1
1075,27,Yes,Travel_Rarely,Research & Development,Marketing,Male,Laboratory Technician,2,Single,4594,Yes,7,3,7,0
1076,26,No,Travel_Rarely,Research & Development,Life Sciences,Male,Research Director,1,Married,18203,Yes,7,3,3,3
1077,25,No,Non-Travel,Research & Development,Other,Female,Healthcare Representative,3,Married,7864,No,6,3,6,0
1078,25,No,Travel_Frequently,Research & Development,Technical Degree,Female,Healthcare Representative,4,Married,8563,No,6,4,0,0
1079,25,No,Travel_Rarely,Research & Development,Life Sciences,Female,Manager,1,Single,21785,No,3,1,2,0
1080,54,No,Travel_Rarely,Research & Development,Marketing,Male,Research Director,1,Divorced,22375,No,8,3,6,1
1081,49,No,Travel_Rarely,Research & Development,Human Resources,Female,Laboratory Technician,4,Single,3131,No,2,1,0,0
1082,38,No,Non-Travel,Sales,Medical,Female,Manager,1,Married,16566,No,19,1,2,0
1083,42,No,Travel_Rarely,Research & Development,Human Resources,Female,Laboratory Technician,1,Married,3624,No,3,1,2,2
1084,36,No,Travel_Rarely,Research & Development,Other,Male,Healthcare Representative,3,Single,7037,No,2,1,2,0
1085,27,Yes,Travel_Rarely,Sales,Human Resources,Male,Sales Executive,2,Married,7122,No,8,3,2,0
1086,39,No,Non-Travel,Sales,Other,Female,Sales Executive,3,Divorced,7608,Yes,8,2,5,2
1087,46,No,Travel_Rarely,Research & Development,Medical,Male,Research Scientist,3,Divorced,5240,No,18,2,1,1
1088,51,No,Travel_Rarely,Research & Development,Medical,Male,Research Director,1,Divorced,20293,No,2,2,2,0
1089,50,No,Travel_Rarely,Sales,Life Sciences,Female,Manager,3,Married,21341,No,6,3,4,1
1090,56,No,Travel_Frequently,Research & Development,Other,Female,Manufacturing Director,1,Married,7359,Yes,0,1,0,0
1091,21,No,Travel_Rarely,Research & Development,Marketing,Male,Manager,1,Divorced,17714,No,2,4,2,2
1092,34,No,Travel_Frequently,Research & Development,Human Resources,Male,Research Scientist,4,Divorced,7399,No,12,4,12,1
1093,40,Yes,Travel_Frequently,Research & Development,Human Resources,Male,Research Scientist,2,Married,5406,No,0,3,0,0
1094,44,No,Travel_Rarely,Research & Development,Technical Degree,Female,Manager,2,Single,18614,No,1,1,1,0
1095,32,No,Travel_Rarely,Research & Development,Other,Male,Laboratory Technician,1,Divorced,4377,Yes,4,1,4,0
1096,30,No,Travel_Rarely,Research & Development,Human Resources,Female,Laboratory Technician,2,Single,3718,No,11,4,8,3
1097,49,No,Travel_Rarely,Research & Development,Medical,Male,Manufacturing Director,4,Married,7930,No,23,4,1,1
1098,42,No,Travel_Rarely,Sales,Medical,Female,Sales Representative,3,Single,2984,No,8,4,0,0
1099,47,No,Travel_Rarely,Human Resources,Marketing,Male,Human Resources,1,Divorced,6333,No,21,3,15,1
1100,27,Yes,Travel_Rarely,Research & Development,Medical,Male,Laboratory Technician,1,Divorced,3650,No,0,1,0,0
1101,26,No,Travel_Rarely,Human Resources,Technical Degree,Male,Manager,1,Divorced,16617,No,7,1,1,0
1102,28,No,Travel_Rarely,Research & Development,Other,Male,Laboratory Technician,3,Married,3359,Yes,3,1,0,0
1103,59,Yes,Travel_Rarely,Research & Development,Marketing,Female,Research Scientist,1,Divorced,5111,Yes,4,3,2,2
1104,48,No,Travel_Frequently,Sales,Medical,Male,Manager,1,Married,17052,No,29,3,3,0
1105,44,No,Travel_Rarely,Research & Development,Marketing,Female,Research Director,1,Married,20313,Yes,25,3,4,0
1106,40,No,Travel_Rarely,Research & Development,Medical,Female,Healthcare Representative,4,Married,9899,No,21,1,4,1
1107,37,No,Non-Travel,Sales,Life Sciences,Male,Sales Representative,3,Divorced,3135,No,3,4,3,1
1108,51,No,Travel_Rarely,Research & Development,Human Resources,Female,Manufacturing Director,1,Married,7949,No,16,2,6,6
1109,21,No,Travel_Rarely,Research & Development,Marketing,Male,Research Director,3,Single,16781,No,2,4,2,2
1110,50,No,Travel_Rarely,Sales,Medical,Male,Sales Executive,3,Married,9073,No,7,4,7,0
1111,47,No,Travel_Rarely,Sales,Human Resources,Male,Manager,3,Married,27035,No,28,3,9,6
1112,31,Yes,Travel_Rarely,Research & Development,Technical Degree,Female,Research Scientist,2,Divorced,4951,No,12,1,1,1
1113,55,No,Travel_Rarely,Research & Development,Life Sciences,Male,Healthcare Representative,2,Divorced,7455,No,0,2,0,0
1114,29,No,Travel_Frequently,Sales,Other,Female,Sales Executive,3,Single,8470,No,3,2,3,0
1115,53,No,Travel_Rarely,Research & Development,Life Sciences,Male,Research Director,3,Single,16851,Yes,0,1,0,0
1116,60,No,Travel_Rarely,Human Resources,Human Resources,Female,Manager,3,Married,15838,No,2,4,2,1
1117,22,No,Travel_Frequently,Research & Development,Medical,Female,Manager,3,Divorced,17251,Yes,1,3,1,1
1118,34,No,Travel_Rarely,Research & Development,Medical,Female,Manufacturing Director,4,Divorced,6678,No,6,2,1,0
1119,29,No,Travel_Frequently,Research & Development,Marketing,Male,Laboratory Technician,4,Single,3494,Yes,6,2,4,1
1120,60,No,Travel_Rarely,Sales,Technical Degree,Male,Manager,3,Divorced,16335,Yes,11,4,2,0
1121,54,No,Travel_Rarely,Research & Development,Technical Degree,Female,Manufacturing Director,1,Married,8142,No,3,2,2,1
1122,28,No,Travel_Rarely,Research & Development,Other,Male,Manufacturing Director,4,Married,6763,Yes,2,4,2,1
1123,29,No,Travel_Rarely,Research & Development,Life Sciences,Female,Manufacturing Director,4,Married,8803,No,4,3,4,3
1124,56,No,Travel_Rarely,Research & Development,Medical,Female,Healthcare Representative,2,Single,8751,No,3,1,3,3
1125,21,No,Travel_Rarely,Research & Development,Other,Female,Laboratory Technician,2,Divorced,3438,No,2,4,2,0
1126,27,No,Travel_Frequently,Research & Development,Human Resources,Female,Manager,4,Divorced,19949,No,7,3,4,4
1127,36,No,Travel_Rarely,Research & Development,Other,Female,Laboratory Technician,4,Married,3160,No,8,3,1,1
1128,53,No,Travel_Rarely,Sales,Technical Degree,Female,Manager,3,Divorced,23218,No,4,1,4,3
1129,53,No,Travel_Rarely,Research & Development,Life Sciences,Male,Laboratory Technician,1,Married,3140,No,3,2,3,0
1130,25,No,Travel_Rarely,Research & Development,Marketing,Female,Healthcare Representative,4,Married,8822,Yes,6,4,0,0
1131,60,No,Travel_Rarely,Research & Development,Technical Degree,Female,Research Scientist,2,Single,6579,No,8,1,4,2
1132,21,No,Travel_Frequently,Research & Development,Technical Degree,Female,Manufacturing Director,4,Single,8716,No,0,2,0,0
1133,29,No,Travel_Rarely,Research & Development,Human Resources,Female,Manufacturing Director,2,Married,7551,No,10,2,6,2
1134,44,No,Travel_Rarely,Research & Development,Marketing,Female,Research Scientist,2,Divorced,4885,Yes,11,4,1,0
1135,35,No,Travel_Rarely,Research & Development,Marketing,Female,Research Scientist,3,Divorced,5437,No,10,1,7,0
1136,49,No,Travel_Rarely,Sales,Other,Male,Sales Executive,2,Divorced,6697,No,1,2,1,1
1137,42,No,Travel_Rarely,Research & Development,Other,Female,Manager,2,Single,17916,No,0,2,0,0
1138,56,No,Travel_Rarely,Research & Development,Marketing,Male,Manager,1,Married,18095,Yes,6,4,6,1
1139,32,Yes,Travel_Frequently,Sales,Technical Degree,Male,Sales Executive,1,Single,5670,No,8,4,0,0
1140,60,No,Travel_Rarely,Research & Development,Marketing,Male,Manager,1,Single,18532,No,33,2,2,2
1141,52,No,Travel_Rarely,Human Resources,Medical,Female,Manager,4,Married,19843,No,1,4,1,1
1142,26,No,Travel_Rarely,Sales,Technical Degree,Male,Sales Executive,1,Single,7654,No,0,1,0,0
1143,47,No,Travel_Rarely,Research & Development,Medical,Male,Healthcare Representative,3,Married,6661,No,2,3,1,1
1144,54,No,Travel_Rarely,Sales,Marketing,Female,Sales Executive,3,Married,9867,No,29,4,12,4
1145,30,No,Travel_Rarely,Sales,Other,Male,Sales Representative,1,Married,2744,No,11,4,3,3
1146,40,No,Travel_Rarely,Sales,Other,Male,Sales Executive,3,Single,7742,No,10,4,10,3
1147,54,No,Travel_Rarely,Sales,Technical Degree,Male,Manager,2,Divorced,17020,No,2,1,1,1
1148,44,No,Travel_Rarely,Research & Development,Technical Degree,Female,Laboratory Technician,3,Single,3586,No,24,3,4,2
1149,49,No,Travel_Frequently,Research & Development,Other,Female,Manager,2,Married,17659,Yes,14,1,2,0
1150,33,No,Travel_Rarely,Sales,Human Resources,Female,Sales Representative,4,Single,3198,No,4,4,4,1
1151,50,No,Travel_Frequently,Sales,Technical Degree,Male,Manager,1,Divorced,21809,No,2,1,2,2
1152,28,Yes,Travel_Rarely,Sales,Other,Female,Manager,4,Single,18339,No,0,4,0,0
1153,36,No,Travel_Frequently,Sales,Other,Male,Manager,2,Single,20138,No,7,1,2,1
1154,35,No,Travel_Rarely,Sales,Life Sciences,Male,Manager,2,Single,17456,No,16,3,1,1
1155,54,No,Travel_Rarely,Research & Development,Life Sciences,Male,Healthcare Representative,3,Single,7870,No,6,1,6,2
1156,55,No,Travel_Rarely,Research & Development,Marketing,Male,Manager,1,Single,20192,No,6,2,0,0
1157,44,No,Travel_Rarely,Research & Development,Medical,Male,Manager,3,Divorced,19293,No,25,4,2,1
1158,22,No,Travel_Rarely,Research & Development,Technical Degree,Female,Manufacturing Director,3,Single,8022,No,1,1,1,0
1159,46,No,Travel_Rarely,Research & Development,Technical Degree,Male,Healthcare Representative,1,Divorced,8870,No,2,1,2,0
1160,25,No,Non-Travel,Research & Development,Other,Female,Manufacturing Director,4,Single,8150,Yes,0,4,0,0
1161,54,No,Travel_Rarely,Sales,Medical,Female,Sales Representative,1,Single,2560,No,0,2,0,0
1162,36,No,Non-Travel,Sales,Technical Degree,Male,Sales Representative,3,Married,2593,No,6,2,0,0
1163,19,Yes,Travel_Rarely,Sales,Human Resources,Male,Sales Representative,2,Married,2941,No,0,3,0,0
1164,39,No,Travel_Rarely,Research & Development,Other,Male,Healthcare Representative,4,Divorced,8598,Yes,3,3,3,1
1165,54,No,Travel_Frequently,Human Resources,Medical,Female,Human Resources,1,Single,3878,No,0,4,0,0
1166,46,No,Travel_Rarely,Sales,Marketing,Male,Sales Executive,4,Single,6615,No,15,1,0,0
1167,41,Yes,Travel_Frequently,Research & Development,Life Sciences,Female,Manager,3,Single,19150,No,1,4,1,1
1168,54,No,Travel_Rarely,Research & Development,Technical Degree,Male,Research Director,2,Married,18553,No,8,3,5,1
1169,26,No,Travel_Rarely,Research & Development,Human Resources,Female,Research Scientist,3,Married,5917,No,7,4,7,0
1170,26,No,Travel_Rarely,Sales,Technical Degree,Female,Sales Executive,2,Single,7345,No,0,2,0,0
1171,30,Yes,Travel_Rarely,Research & Development,Medical,Male,Manager,4,Married,20393,No,2,4,2,1
1172,55,No,Travel_Rarely,Research & Development,Other,Female,Research Scientist,4,Divorced,4889,No,1,3,1,0
1173,48,Yes,Non-Travel,Sales,Marketing,Male,Sales Representative,2,Single,3262,No,9,3,9,2
1174,51,No,Travel_Rarely,Research & Development,Medical,Male,Laboratory Technician,2,Married,3640,No,4,2,4,1
1175,22,No,Travel_Rarely,Research & Development,Technical Degree,Female,Research Director,4,Married,16235,No,3,4,3,1
1176,20,No,Travel_Rarely,Sales,Marketing,Female,Manager,4,Divorced,16532,No,1,1,1,0
1177,47,No,Travel_Rarely,Research & Development,Life Sciences,Female,Research Scientist,1,Single,6957,No,7,4,7,0
1178,32,No,Travel_Rarely,Research & Development,Life Sciences,Female,Laboratory Technician,2,Divorced,4131,No,13,2,5,0
1179,29,No,Travel_Frequently,Sales,Technical Degree,Male,Manager,1,Married,17933,No,3,2,3,0
1180,27,No,Travel_Rarely,Research & Development,Life Sciences,Male,Laboratory Technician,3,Married,3822,No,2,4,2,2
1181,42,No,Non-Travel,Research & Development,Other,Female,Manufacturing Director,4,Single,9604,No,6,3,4,1
1182,50,Yes,Travel_Rarely,Human Resources,Human Resources,Female,Human Resources,3,Single,4883,No,3,1,3,0
1183,47,No,Travel_Frequently,Sales,Marketing,Male,Sales Executive,3,Divorced,9426,No,6,2,6,1
1184,42,No,Travel_Rarely,Research & Development,Life Sciences,Male,Research Scientist,4,Married,6337,No,10,1,6,0
1185,33,Yes,Travel_Frequently,Sales,Technical Degree,Male,Manager,2,Divorced,18440,Yes,7,4,3,0
1186,39,No,Travel_Rarely,Research & Development,Life Sciences,Male,Research Scientist,2,Married,5949,No,4,1,2,0
1187,59,No,Travel_Frequently,Research & Development,Technical Degree,Female,Laboratory Technician,2,Married,4678,Yes,13,1,13,1
1188,34,Yes,Travel_Rarely,Research & Development,Other,Male,Laboratory Technician,1,Divorced,3392,No,3,3,0,0
1189,22,No,Travel_Rarely,Research & Development,Marketing,Male,Manager,1,Married,18722,Yes,3,1,3,0
1190,45,No,Non-Travel,Research & Development,Life Sciences,Male,Research Director,1,Married,21597,No,4,1,4,2
1191,51,No,Travel_Rarely,Research & Development,Medical,Male,Manager,1,Divorced,20416,No,14,3,3,1
1192,59,No,Travel_Frequently,Research & Development,Technical Degree,Male,Research Director,2,Married,18557,No,14,1,6,2
1193,38,No,Non-Travel,Research & Development,Human Resources,Female,Research Scientist,4,Single,5065,Yes,10,3,6,0
1194,36,No,Travel_Rarely,Research & Development,Other,Female,Manager,3,Single,16636,No,13,1,0,0
1195,29,No,Travel_Rarely,Research & Development,Life Sciences,Male,Research Director,1,Single,17402,No,4,1,1,0
1196,28,No,Travel_Rarely,Research & Development,Human Resources,Female,Healthcare Representative,2,Married,8663,No,1,3,1,0
1197,42,No,Non-Travel,Research & Development,Marketing,Female,Research Director,4,Married,15369,No,1,1,1,0
1198,19,No,Travel_Rarely,Sales,Other,Male,Sales Representative,4,Single,2883,Yes,0,2,0,0
1199,20,Yes,Non-Travel,Sales,Other,Male,Sales Representative,4,Married,3113,No,1,3,1,1
1200,28,No,Travel_Rarely,Research & Development,Life Sciences,Male,Research Scientist,3,Divorced,5703,No,9,4,0,0
1201,23,Yes,Travel_Frequently,Sales,Marketing,Male,Sales Representative,4,Single,2328,No,4,3,0,0
1202,56,No,Travel_Rarely,Human Resources,Marketing,Male,Human Resources,2,Single,4031,Yes,1,4,0,0
1203,38,No,Non-Travel,Sales,Life Sciences,Female,Manager,2,Married,24467,No,17,3,7,0
1204,20,Yes,Travel_Rarely,Research & Development,Medical,Male,Laboratory Technician,2,Single,3452,Yes,1,1,1,1
1205,59,No,Travel_Frequently,Research & Development,Life Sciences,Female,Manufacturing Director,2,Single,8549,Yes,27,4,0,0
1206,22,Yes,Travel_Rarely,Sales,Medical,Female,Sales Representative,2,Married,2659,Yes,1,3,1,1
1207,21,No,Travel_Rarely,Research & Development,Technical Degree,Male,Laboratory Technician,1,Divorced,3508,No,2,3,2,2
1208,34,No,Travel_Rarely,Research & Development,Other,Female,Research Director,4,Married,25169,No,9,3,9,3
1209,39,No,Travel_Rarely,Sales,Life Sciences,Male,Sales Executive,3,Divorced,6164,No,9,2,0,0
1210,22,No,Travel_Frequently,Sales,Marketing,Female,Manager,2,Divorced,22691,No,3,2,3,1
1211,41,No,Travel_Frequently,Sales,Life Sciences,Male,Manager,4,Single,17958,No,22,3,4,1
1212,20,Yes,Travel_Rarely,Sales,Other,Male,Sales Executive,3,Single,5983,Yes,1,1,0,0
1213,23,No,Travel_Rarely,Research & Development,Technical Degree,Female,Manufacturing Director,2,Single,7367,No,4,4,4,1
1214,58,No,Travel_Rarely,Research & Development,Human Resources,Female,Research Director,2,Divorced,15092,No,15,2,1,1
1215,39,No,Travel_Rarely,Sales,Marketing,Male,Manager,1,Divorced,30641,No,20,2,20,0
1216,59,Yes,Travel_Rarely,Research & Development,Technical Degree,Female,Research Scientist,1,Single,4841,No,13,1,2,0
1217,43,No,Travel_Rarely,Research & Development,Life Sciences,Female,Healthcare Representative,2,Single,8916,No,4,2,2,2
1218,23,No,Travel_Frequently,Research & Development,Technical Degree,Male,Research Scientist,3,Divorced,4894,No,4,4,4,0
1219,22,No,Travel_Rarely,Research & Development,Life Sciences,Male,Laboratory Technician,3,Married,3623,No,1,3,1,0
1220,28,No,Travel_Rarely,Research & Development,Human Resources,Female,Healthcare Representative,1,Single,8423,No,0,1,0,0
1221,38,No,Travel_Rarely,Research & Development,Technical Degree,Male,Research Scientist,3,Married,5104,No,15,4,3,3
1222,33,No,Travel_Rarely,Research & Development,Technical Degree,Female,Manufacturing Director,4,Divorced,9102,Yes,14,2,4,0
1223,55,No,Travel_Rarely,Research & Development,Technical Degree,Male,Healthcare Representative,2,Single,9534,No,21,1,3,0
1224,27,No,Travel_Rarely,Human Resources,Life Sciences,Male,Human Resources,3,Married,3866,No,0,3,0,0
1225,39,No,Travel_Rarely,Research & Development,Medical,Male,Research Director,4,Single,15582,No,19,1,4,4
1226,37,No,Travel_Rarely,Research & Development,Technical Degree,Male,Research Scientist,4,Divorced,6557,No,18,1,12,4
1227,44,No,Travel_Frequently,Research & Development,Marketing,Female,Manager,3,Married,16050,No,0,1,0,0
1228,25,No,Travel_Rarely,Research & Development,Medical,Female,Manager,4,Divorced,19765,No,6,1,1,0
1229,42,No,Travel_Rarely,Research & Development,Medical,Male,Research Director,1,Single,17490,No,17,2,4,0
1230,42,No,Travel_Rarely,Sales,Other,Female,Sales Executive,1,Single,6907,No,12,2,1,1
1231,56,Yes,Non-Travel,Human Resources,Other,Male,Manager,1,Single,17309,No,8,4,2,2
1232,32,No,Non-Travel,Research & Development,Life Sciences,Male,Manager,2,Married,21345,No,3,2,3,0
1233,60,Yes,Travel_Rarely,Research & Development,Human Resources,Female,Manufacturing Director,4,Divorced,8152,Yes,3,1,3,3
1234,37,No,Travel_Frequently,Research & Development,Other,Male,Research Director,3,Single,19134,No,3,3,0,0
1235,44,No,Travel_Rarely,Research & Development,Life Sciences,Male,Research Director,4,Married,20896,No,10,4,6,2
1236,53,Yes,Travel_Rarely,Research & Development,Medical,Female,Laboratory Technician,2,Divorced,3449,No,10,3,3,3
1237,40,No,Travel_Frequently,Research & Development,Technical Degree,Male,Laboratory Technician,3,Married,3825,No,10,3,1,0
1238,56,Yes,Travel_Rarely,Sales,Medical,Male,Manager,3,Single,18554,Yes,8,4,5,1
1239,48,Yes,Travel_Frequently,Research & Development,Marketing,Male,Research Director,3,Single,14544,No,1,1,1,0
1240,50,Yes,Travel_Rarely,Research & Development,Other,Male,Laboratory Technician,4,Divorced,4215,No,15,4,9,0
1241,39,No,Travel_Rarely,Research & Development,Technical Degree,Female,Research Scientist,3,Single,4756,No,14,3,4,0
1242,38,No,Travel_Rarely,Sales,Technical Degree,Female,Sales Executive,2,Single,7422,No,19,3,3,1
1243,20,Yes,Travel_Rarely,Sales,Human Resources,Female,Sales Representative,3,Divorced,2978,No,1,1,1,0
1244,22,No,Travel_Rarely,Research & Development,Medical,Male,Research Director,3,Married,19296,No,3,4,3,0
1245,52,Yes,Travel_Rarely,Research & Development,Life Sciences,Female,Research Scientist,1,Single,6176,Yes,3,3,3,0
1246,52,No,Travel_Frequently,Research & Development,Life Sciences,Male,Manufacturing Director,4,Single,7077,No,33,3,2,1
1247,50,No,Travel_Rarely,Research & Development,Marketing,Female,Manager,2,Married,18975,Yes,1,4,0,0
1248,21,No,Travel_Frequently,Sales,Human Resources,Male,Sales Executive,1,Married,6948,Yes,2,1,2,2
1249,58,No,Travel_Rarely,Research & Development,Human Resources,Female,Healthcare Representative,4,Married,7931,Yes,3,3,3,0
1250,26,Yes,Travel_Frequently,Research & Development,Technical Degree,Female,Laboratory Technician,4,Divorced,3793,Yes,1,4,1,1
1251,27,No,Travel_Rarely,Sales,Human Resources,Female,Manager,1,Divorced,19691,Yes,6,2,4,4
1252,58,No,Travel_Rarely,Research & Development,Medical,Female,Manager,1,Married,17285,No,1,1,1,0
1253,50,No,Travel_Rarely,Research & Development,Other,Female,Research Scientist,2,Single,5386,No,3,1,2,0
1254,39,No,Travel_Rarely,Research & Development,Other,Female,Healthcare Representative,1,Divorced,6785,No,1,1,1,1
1255,48,No,Travel_Rarely,Research & Development,Life Sciences,Male,Manager,4,Divorced,17079,No,29,3,2,0
1256,41,Yes,Non-Travel,Sales,Human Resources,Female,Sales Representative,2,Single,4282,No,17,4,17,0
1257,31,No,Travel_Rarely,Sales,Human Resources,Male,Sales Executive,4,Married,7659,Yes,1,1,1,0
1258,51,No,Travel_Frequently,Research & Development,Medical,Male,Research Director,4,Single,14357,No,1,2,1,1
1259,57,No,Travel_Rarely,Research & Development,Marketing,Female,Research Director,3,Single,21757,No,21,4,4,0
1260,51,No,Travel_Rarely,Sales,Marketing,Female,Manager,2,Divorced,20890,No,3,2,3,3
1261,60,No,Travel_Rarely,Sales,Other,Female,Manager,4,Married,19099,No,36,4,1,1
1262,25,No,Travel_Rarely,Research & Development,Life Sciences,Female,Research Director,3,Single,14719,No,0,3,0,0
1263,41,No,Travel_Rarely,Research & Development,Human Resources,Female,Research Scientist,4,Divorced,5433,No,16,2,0,0
1264,43,No,Travel_Rarely,Research & Development,Human Resources,Female,Healthcare Representative,2,Divorced,10330,Yes,5,4,5,2
1265,31,No,Travel_Rarely,Research & Development,Technical Degree,Female,Research Director,2,Divorced,20722,No,12,1,12,0
1266,56,No,Travel_Frequently,Sales,Other,Female,Sales Executive,1,Single,7657,Yes,18,3,0,0
1267,52,No,Travel_Rarely,Research & Development,Medical,Female,Manufacturing Director,1,Married,7757,No,2,3,1,0
1268,58,No,Travel_Rarely,Research & Development,Other,Male,Laboratory Technician,4,Single,4754,Yes,7,2,7,3
1269,43,No,Travel_Frequently,Research & Development,Marketing,Male,Manufacturing Director,3,Married,12098,No,24,4,17,0
1270,29,No,Travel_Rarely,Research & Development,Medical,Female,Research Scientist,2,Divorced,6707,Yes,10,4,8,1
1271,28,No,Travel_Rarely,Research & Development,Technical Degree,Female,Research Scientist,1,Married,4290,Yes,0,2,0,0
1272,39,No,Travel_Rarely,Research & Development,Other,Male,Healthcare Representative,1,Married,7951,No,0,1,0,0
1273,57,No,Travel_Rarely,Research & Development,Other,Female,Manufacturing Director,2,Divorced,7214,No,0,2,0,0
1274,60,No,Non-Travel,Sales,Human Resources,Female,Manager,4,Single,20476,Yes,4,1,4,1
1275,51,No,Travel_Rarely,Research & Development,Life Sciences,Female,Manager,1,Divorced,16706,Yes,1,4,1,1
1276,31,No,Travel_Rarely,Sales,Technical Degree,Female,Sales Executive,1,Divorced,6631,No,12,2,4,0
1277,56,No,Travel_Rarely,Research & Development,Marketing,Male,Manager,2,Divorced,21104,Yes,1,4,1,1
1278,48,No,Non-Travel,Research & Development,Medical,Female,Healthcare Representative,3,Divorced,7721,No,5,2,5,1
1279,23,No,Travel_Rarely,Research & Development,Other,Female,Research Scientist,2,Divorced,6336,No,4,1,4,1
1280,44,No,Travel_Rarely,Research & Development,Human Resources,Male,Manufacturing Director,4,Divorced,7434,No,2,3,2,2
1281,27,Yes,Travel_Rarely,Research & Development,Technical Degree,Male,Research Director,4,Single,17897,No,5,3,1,1
1282,21,Yes,Travel_Frequently,Sales,Other,Female,Sales Executive,1,Divorced,6856,No,2,3,2,2
1283,55,No,Travel_Rarely,Sales,Marketing,Female,Manager,4,Married,19202,No,1,2,1,0
1284,19,No,Travel_Rarely,Research & Development,Human Resources,Male,Research Director,2,Divorced,14031,No,0,2,0,0
1285,26,No,Non-Travel,Sales,Medical,Male,Sales Representative,1,Divorced,2604,No,6,2,3,0
1286,28,No,Travel_Rarely,Research & Development,Medical,Female,Research Director,1,Divorced,18966,No,0,3,0,0
1287,29,No,Travel_Rarely,Human Resources,Marketing,Female,Manager,3,Divorced,19396,No,2,2,2,0
1288,43,Yes,Travel_Rarely,Research & Development,Other,Male,Laboratory Technician,2,Divorced,3682,No,4,1,0,0
1289,24,No,Travel_Rarely,Research & Development,Life Sciences,Female,Research Scientist,4,Single,5584,No,5,4,0,0
1290,43,No,Travel_Rarely,Research & Development,Life Sciences,Female,Healthcare Representative,3,Divorced,9642,No,4,4,4,4
1291,35,No,Non-Travel,Research & Development,Life Sciences,Male,Healthcare Representative,2,Married,8332,Yes,2,3,2,2
1292,35,No,Travel_Rarely,Research & Development,Other,Female,Manufacturing Director,4,Married,7634,No,16,4,3,0
1293,44,No,Travel_Rarely,Human Resources,Technical Degree,Female,Manager,2,Divorced,26483,No,13,1,11,2
1294,22,Yes,Travel_Frequently,Research & Development,Medical,Female,Manager,4,Single,15699,Yes,1,1,1,0
1295,43,No,Non-Travel,Research & Development,Medical,Female,Manager,2,Single,18060,No,24,4,3,2
1296,51,No,Non-Travel,Sales,Technical Degree,Female,Manager,2,Divorced,15356,Yes,7,1,1,0
1297,31,No,Travel_Frequently,Research & Development,Marketing,Male,Research Director,3,Divorced,17560,No,7,3,7,0
1298,44,No,Travel_Rarely,Human Resources,Other,Female,Manager,1,Divorced,15795,Yes,8,3,1,1
1299,55,Yes,Travel_Frequently,Research & Development,Life Sciences,Female,Healthcare Representative,1,Divorced,8589,No,6,4,1,0
1300,33,No,Travel_Rarely,Research & Development,Human Resources,Female,Laboratory Technician,3,Single,3668,No,14,1,3,0
1301,49,No,Travel_Frequently,Research & Development,Medical,Male,Laboratory Technician,2,Married,3027,No,3,4,1,1
1302,34,No,Travel_Frequently,Sales,Other,Male,Sales Executive,4,Married,6203,Yes,15,1,2,2
1303,50,No,Travel_Rarely,Research & Development,Other,Male,Manufacturing Director,3,Single,9807,Yes,22,4,12,1
1304,49,No,Travel_Rarely,Research & Development,Life Sciences,Male,Healthcare Representative,1,Divorced,8518,No,28,4,0,0
1305,25,No,Travel_Rarely,Sales,Technical Degree,Male,Manager,3,Married,19804,Yes,3,3,3,0
1306,42,No,Travel_Rarely,Research & Development,Other,Female,Manufacturing Director,1,Married,6768,No,19,3,1,0
1307,28,No,Travel_Rarely,Sales,Other,Male,Manager,3,Married,15429,No,6,4,0,0
1308,22,No,Travel_Rarely,Sales,Technical Degree,Male,Sales Executive,3,Married,5945,No,2,3,1,1
1309,31,No,Travel_Rarely,Research & Development,Technical Degree,Female,Research Director,4,Married,23092,No,8,4,6,1
1310,29,No,Travel_Frequently,Research & Development,Marketing,Female,Laboratory Technician,1,Divorced,4597,No,10,2,10,1
1311,57,Yes,Travel_Rarely,Sales,Life Sciences,Male,Sales Representative,4,Divorced,3099,No,10,4,1,1
1312,24,Yes,Non-Travel,Sales,Other,Male,Sales Representative,4,Single,3276,No,2,1,2,0
1313,38,No,Travel_Rarely,Research & Development,Marketing,Female,Healthcare Representative,1,Married,7080,No,2,3,2,1
1314,54,No,Travel_Rarely,Human Resources,Technical Degree,Male,Manager,4,Single,18430,No,5,3,5,2
1315,45,No,Travel_Rarely,Research & Development,Technical Degree,Female,Manufacturing Director,4,Married,8868,No,3,1,2,0
1316,37,No,Travel_Rarely,Sales,Human Resources,Female,Sales Representative,2,Married,3131,No,9,2,9,1
1317,46,No,Travel_Rarely,Sales,Life Sciences,Male,Sales Executive,3,Single,7888,No,9,4,4,3
1318,48,No,Non-Travel,Sales,Marketing,Female,Manager,1,Single,16301,Yes,9,2,1,1
1319,19,No,Travel_Rarely,Research & Development,Life Sciences,Female,Manager,3,Single,16678,No,0,4,0,0
1320,22,Yes,Travel_Rarely,Research & Development,Human Resources,Male,Laboratory Technician,4,Married,3128,No,3,1,2,1
1321,34,No,Travel_Frequently,Research & Development,Marketing,Female,Healthcare Representative,4,Single,8286,No,13,4,0,0
1322,54,Yes,Travel_Frequently,Research & Development,Technical Degree,Female,Research Scientist,2,Single,4663,No,7,1,1,1
1323,56,No,Travel_Rarely,Sales,Medical,Male,Sales Representative,2,Married,2326,No,1,3,1,0
1324,40,No,Travel_Rarely,Sales,Marketing,Female,Manager,1,Married,25990,No,21,2,21,1
1325,43,No,Travel_Rarely,Research & Development,Other,Female,Research Scientist,4,Married,4997,No,4,2,0,0
1326,57,Yes,Travel_Rarely,Research & Development,Human Resources,Female,Manufacturing Director,3,Divorced,7525,No,24,4,4,0
1327,58,No,Travel_Rarely,Sales,Technical Degree,Male,Sales Executive,4,Divorced,9171,No,19,2,8,0
1328,60,Yes,Travel_Rarely,Sales,Medical,Male,Sales Representative,1,Single,2249,No,3,2,0,0
1329,50,No,Non-Travel,Research & Development,Life Sciences,Female,Healthcare Representative,2,Divorced,9012,No,7,4,7,0
1330,45,No,Travel_Rarely,Sales,Other,Male,Manager,3,Single,24109,No,17,1,9,0
1331,43,No,Travel_Rarely,Research & Development,Other,Female,Research Director,4,Divorced,18298,Yes,2,1,2,0
1332,46,No,Travel_Rarely,Research & Development,Other,Female,Manager,4,Married,17633,No,21,3,1,0
1333,46,No,Travel_Rarely,Research & Development,Technical Degree,Female,Manager,3,Single,19157,No,17,3,2,0
1334,57,No,Travel_Rarely,Research & Development,Human Resources,Female,Manufacturing Director,3,Divorced,6221,No,0,1,0,0
1335,55,No,Travel_Rarely,Research & Development,Life Sciences,Female,Research Director,2,Divorced,14375,No,1,3,0,0
1336,23,Yes,Travel_Rarely,Research & Development,Other,Female,Manager,1,Single,22333,No,4,3,4,0
1337,41,Yes,Travel_Rarely,Research & Development,Other,Male,Manufacturing Director,1,Married,7196,No,21,4,3,3
1338,39,No,Travel_Rarely,Research & Development,Technical Degree,Male,Laboratory Technician,1,Single,3663,No,6,2,1,0
1339,55,No,Travel_Rarely,Research & Development,Technical Degree,Female,Healthcare Representative,2,Divorced,8347,No,13,4,4,0
1340,58,No,Travel_Rarely,Research & Development,Technical Degree,Female,Research Director,1,Married,17203,No,39,1,4,0
1341,57,Yes,Travel_Rarely,Sales,Medical,Male,Sales Representative,2,Divorced,3236,No,10,4,8,0
1342,24,No,Travel_Frequently,Research & Development,Life Sciences,Female,Manager,1,Married,20198,No,1,3,0,0
1343,32,No,Travel_Rarely,Research & Development,Human Resources,Male,Manufacturing Director,2,Married,8406,No,13,1,1,1
1344,31,No,Travel_Rarely,Sales,Life Sciences,Female,Sales Representative,3,Divorced,3296,Yes,12,3,5,0
1345,51,Yes,Travel_Rarely,Research & Development,Other,Female,Healthcare Representative,4,Married,8534,No,32,1,0,0
1346,29,No,Travel_Frequently,Research & Development,Technical Degree,Male,Manager,3,Divorced,16440,No,0,1,0,0
1347,28,No,Travel_Rarely,Human Resources,Medical,Female,Human Resources,2,Married,4967,No,4,4,2,0
1348,47,No,Travel_Frequently,Research & Development,Medical,Male,Manufacturing Director,3,Married,7853,No,7,2,1,0
1349,26,No,Travel_Frequently,Sales,Human Resources,Female,Manager,4,Single,15833,No,2,3,2,0
1350,27,No,Travel_Rarely,Research & Development,Marketing,Male,Research Scientist,2,Divorced,4946,No,2,2,2,1
1351,51,No,Travel_Rarely,Research & Development,Technical Degree,Male,Laboratory Technician,2,Married,3233,No,18,2,3,2
1352,31,No,Travel_Rarely,Human Resources,Technical Degree,Female,Human Resources,3,Single,5018,No,12,4,0,0
1353,39,No,Travel_Rarely,Research & Development,Life Sciences,Male,Healthcare Representative,1,Divorced,9022,No,5,1,5,1
1354,21,No,Travel_Rarely,Research & Development,Technical Degree,Female,Manager,3,Divorced,15960,No,2,3,2,1
1355,52,No,Travel_Rarely,Research & Development,Technical Degree,Male,Manager,2,Single,16756,No,23,4,3,2
1356,31,Yes,Travel_Rarely,Research & Development,Technical Degree,Female,Manager,1,Single,18524,No,12,1,0,0
1357,51,No,Travel_Rarely,Research & Development,Medical,Male,Healthcare Representative,2,Married,6627,Yes,9,2,1,1
1358,47,No,Travel_Rarely,Sales,Technical Degree,Male,Manager,1,Divorced,21115,Yes,3,4,1,1
1359,32,Yes,Travel_Rarely,Research & Development,Medical,Male,Laboratory Technician,3,Divorced,3103,No,8,2,3,1
1360,21,No,Travel_Rarely,Research & Development,Other,Male,Laboratory Technician,2,Married,4013,Yes,2,2,2,0
1361,21,No,Travel_Rarely,Research & Development,Life Sciences,Female,Manufacturing Director,1,Married,7173,Yes,0,3,0,0
1362,32,No,Travel_Frequently,Research & Development,Marketing,Female,Research Director,4,Divorced,20781,No,11,3,5,0
1363,41,No,Travel_Rarely,Research & Development,Life Sciences,Male,Research Director,2,Single,20778,No,22,3,5,1
1364,32,No,Travel_Rarely,Research & Development,Marketing,Male,Research Scientist,1,Married,6892,No,13,2,13,1
1365,39,No,Travel_Frequently,Sales,Marketing,Female,Manager,2,Married,17004,No,14,2,0,0
1366,27,No,Travel_Rarely,Research & Development,Marketing,Female,Manager,4,Divorced,20976,No,6,1,5,4
1367,55,No,Travel_Rarely,Research & Development,Human Resources,Male,Laboratory Technician,1,Divorced,4097,No,11,3,9,4
1368,57,No,Travel_Rarely,Research & Development,Marketing,Female,Laboratory Technician,1,Married,3809,No,1,4,1,0
1369,30,Yes,Non-Travel,Sales,Technical Degree,Female,Sales Representative,4,Married,3147,No,1,2,1,1
1370,52,No,Travel_Rarely,Sales,Human Resources,Male,Sales Executive,1,Married,6570,No,11,3,0,0
1371,25,No,Travel_Frequently,Research & Development,Marketing,Female,Research Scientist,3,Married,6238,No,6,2,6,0
1372,28,Yes,Travel_Rarely,Research & Development,Human Resources,Female,Manufacturing Director,3,Divorced,7634,Yes,1,3,0,0
1373,38,Yes,Travel_Rarely,Sales,Technical Degree,Female,Sales Executive,1,Single,6228,No,9,4,2,1
1374,59,No,Travel_Rarely,Research & Development,Life Sciences,Female,Research Director,1,Single,19110,No,18,4,7,1
1375,60,No,Travel_Rarely,Research & Development,Human Resources,Female,Manager,3,Married,17643,No,12,4,3,0
1376,23,No,Travel_Rarely,Research & Development,Human Resources,Male,Research Scientist,2,Married,4769,No,4,1,2,1
1377,38,No,Travel_Frequently,Research & Development,Human Resources,Female,Research Scientist,4,Married,5778,No,7,1,3,1
1378,53,No,Travel_Frequently,Research & Development,Life Sciences,Female,Manufacturing Director,1,Single,8377,No,11,4,1,1
1379,23,Yes,Travel_Rarely,Sales,Medical,Male,Sales Representative,1,Single,3369,No,4,1,4,1
1380,53,No,Travel_Rarely,Research & Development,Marketing,Male,Healthcare Representative,3,Divorced,7539,No,3,4,3,1
1381,44,No,Non-Travel,Sales,Life Sciences,Male,Manager,3,Married,27761,No,18,1,11,0
1382,59,No,Travel_Rarely,Research & Development,Marketing,Female,Healthcare Representative,2,Single,8240,No,3,4,2,0
1383,27,Yes,Travel_Rarely,Sales,Technical Degree,Female,Manager,2,Divorced,18962,No,1,1,0,0
1384,58,No,Travel_Rarely,Research & Development,Medical,Female,Healthcare Representative,1,Married,7716,No,1,4,1,1
1385,42,No,Travel_Frequently,Research & Development,Other,Female,Research Director,1,Married,15664,No,0,2,0,0
1386,58,No,Travel_Rarely,Research & Development,Other,Male,Research Director,3,Married,18978,Yes,0,1,0,0
1387,55,No,Non-Travel,Research & Development,Technical Degree,Male,Healthcare Representative,3,Divorced,9234,No,13,3,3,3
1388,58,No,Travel_Rarely,Sales,Life Sciences,Male,Sales Representative,3,Divorced,2279,No,0,3,0,0
1389,28,No,Travel_Rarely,Sales,Medical,Male,Manager,1,Married,20683,Yes,9,3,2,0
1390,43,Yes,Travel_Rarely,Research & Development,Technical Degree,Female,Healthcare Representative,3,Married,7314,No,2,1,2,2
1391,53,No,Travel_Rarely,Sales,Marketing,Male,Manager,3,Single,17335,No,2,4,2,0
1392,41,No,Travel_Rarely,Research & Development,Technical Degree,Female,Manager,1,Divorced,21864,No,22,3,3,3
1393,56,Yes,Non-Travel,Research & Development,Life Sciences,Male,Manager,1,Divorced,23483,No,14,1,4,2
1394,37,No,Travel_Frequently,Research & Development,Life Sciences,Male,Laboratory Technician,2,Divorced,2783,No,2,1,0,0
1395,60,No,Travel_Rarely,Sales,Marketing,Female,Manager,1,Divorced,24074,Yes,8,4,8,4
1396,35,No,Non-Travel,Research & Development,Technical Degree,Male,Manufacturing Director,3,Divorced,7183,No,1,2,0,0
1397,50,Yes,Travel_Rarely,Research & Development,Life Sciences,Female,Manager,3,Married,18957,Yes,1,1,1,1
1398,28,No,Travel_Rarely,Sales,Technical Degree,Female,Sales Representative,4,Married,2565,Yes,9,1,0,0
1399,23,No,Travel_Rarely,Research & Development,Technical Degree,Male,Manager,3,Divorced,19544,No,4,3,0,0
1400,42,No,Travel_Rarely,Human Resources,Human Resources,Male,Human Resources,2,Married,5285,No,7,1,7,0
1401,59,No,Non-Travel,Research & Development,Life Sciences,Female,Research Scientist,1,Married,5432,Yes,11,2,3,3
1402,20,No,Travel_Rarely,Research & Development,Medical,Male,Healthcare Representative,4,Single,6400,Yes,0,2,0,0
1403,60,No,Non-Travel,Research & Development,Life Sciences,Female,Healthcare Representative,1,Divorced,6918,No,0,3,0,0
1404,23,No,Travel_Rarely,Sales,Human Resources,Female,Manager,4,Married,19431,Yes,4,3,0,0
1405,55,No,Travel_Rarely,Sales,Technical Degree,Male,Manager,1,Divorced,17016,Yes,7,1,2,2
1406,47,No,Travel_Rarely,Research & Development,Life Sciences,Male,Laboratory Technician,2,Single,3858,No,2,1,2,0
1407,60,No,Travel_Rarely,Sales,Technical Degree,Male,Sales Executive,2,Single,7840,No,9,3,2,2
1408,57,No,Travel_Rarely,Research & Development,Other,Male,Research Scientist,1,Divorced,5424,No,1,2,1,1
1409,51,No,Travel_Rarely,Research & Development,Human Resources,Male,Research Director,4,Single,16208,Yes,2,4,2,2
1410,32,No,Travel_Rarely,Research & Development,Technical Degree,Male,Manufacturing Director,2,Single,8712,Yes,5,2,2,2
1411,47,No,Travel_Rarely,Research & Development,Human Resources,Female,Manager,3,Single,20003,No,8,2,2,0
1412,23,Yes,Travel_Rarely,Research & Development,Human Resources,Male,Laboratory Technician,4,Divorced,3184,No,4,3,3,3
1413,31,No,Travel_Rarely,Research & Development,Medical,Female,Manufacturing Director,4,Divorced,6921,Yes,4,2,0,0
1414,58,No,Travel_Rarely,Sales,Marketing,Male,Manager,2,Divorced,18803,No,23,4,5,1
1415,34,No,Travel_Rarely,Research & Development,Life Sciences,Female,Laboratory Technician,1,Divorced,3737,Yes,3,4,3,3
1416,46,No,Travel_Rarely,Research & Development,Medical,Female,Research Scientist,1,Married,6158,No,7,4,3,3
1417,20,No,Non-Travel,Sales,Human Resources,Female,Sales Executive,4,Single,7738,No,1,4,1,1
1418,59,No,Travel_Rarely,Research & Development,Marketing,Male,Manufacturing Director,1,Divorced,7726,No,6,3,6,3
1419,22,No,Travel_Rarely,Sales,Human Resources,Male,Sales Representative,1,Divorced,2493,No,3,3,3,0
1420,27,No,Travel_Rarely,Research & Development,Marketing,Female,Laboratory Technician,2,Married,3369,No,8,2,1,0
1421,41,No,Travel_Frequently,Sales,Human Resources,Male,Sales Representative,3,Single,3007,No,6,4,4,3
1422,24,Yes,Travel_Rarely,Research & Development,Medical,Male,Healthcare Representative,2,Married,8767,Yes,0,4,0,0
1423,53,No,Travel_Rarely,Research & Development,Other,Female,Manager,1,Married,21062,Yes,26,2,3,1
1424,60,No,Travel_Rarely,Research & Development,Marketing,Male,Manager,2,Married,19681,No,15,3,3,2
1425,22,No,Travel_Rarely,Research & Development,Human Resources,Male,Manufacturing Director,2,Single,8058,Yes,1,2,1,1
1426,39,No,Travel_Rarely,Sales,Other,Male,Sales Executive,3,Divorced,6620,No,8,2,3,0
1427,44,No,Travel_Frequently,Sales,Marketing,Male,Sales Executive,3,Divorced,9773,Yes,25,3,8,5
1428,40,No,Travel_Rarely,Research & Development,Life Sciences,Female,Healthcare Representative,4,Single,8280,No,11,2,7,4
1429,56,Yes,Travel_Frequently,Research & Development,Marketing,Male,Laboratory Technician,1,Divorced,3659,Yes,7,4,7,2
1430,46,No,Travel_Frequently,Research & Development,Technical Degree,Female,Laboratory Technician,1,Married,3331,No,4,2,2,0
1431,46,No,Travel_Rarely,Sales,Other,Female,Manager,3,Single,20132,Yes,13,1,3,3
1432,36,No,Travel_Rarely,Sales,Life Sciences,Female,Manager,4,Divorced,21849,Yes,5,3,4,2
1433,48,No,Travel_Rarely,Sales,Technical Degree,Male,Manager,1,Single,17576,No,2,3,2,0
1434,50,Yes,Travel_Frequently,Sales,Human Resources,Male,Sales Representative,4,Married,2738,No,31,1,0,0
1435,28,No,Travel_Rarely,Sales,Other,Male,Sales Executive,3,Divorced,6515,Yes,3,1,3,0
1436,30,No,Travel_Frequently,Sales,Human Resources,Female,Manager,3,Single,19460,No,11,3,5,0
1437,28,Yes,Travel_Frequently,Research & Development,Medical,Male,Manufacturing Director,1,Divorced,7443,No,0,2,0,0
1438,53,No,Travel_Rarely,Research & Development,Marketing,Female,Research Director,2,Single,19841,No,12,1,7,3
1439,52,No,Travel_Rarely,Research & Development,Medical,Male,Research Director,2,Single,14724,No,14,2,2,2
1440,23,Yes,Travel_Rarely,Research & Development,Marketing,Male,Research Scientist,1,Single,4501,Yes,0,4,0,0
1441,25,No,Travel_Rarely,Sales,Marketing,Female,Sales Executive,1,Married,9165,Yes,6,2,6,0
1442,58,No,Travel_Rarely,Sales,Other,Male,Manager,2,Divorced,19367,Yes,2,3,2,0
1443,51,No,Travel_Rarely,Sales,Other,Male,Sales Executive,3,Married,6570,No,19,4,3,2
1444,26,No,Travel_Rarely,Sales,Technical Degree,Female,Sales Representative,1,Married,2894,No,6,3,4,1
1445,47,No,Travel_Frequently,Research & Development,Human Resources,Female,Manufacturing Director,4,Divorced,7809,No,2,3,2,2
1446,52,Yes,Travel_Rarely,Sales,Medical,Female,Sales Representative,2,Single,2574,No,10,1,0,0
1447,26,No,Travel_Rarely,Research & Development,Other,Female,Healthcare Representative,4,Married,8849,No,2,3,2,1
1448,48,No,Non-Travel,Research & Development,Life Sciences,Male,Laboratory Technician,1,Married,3543,Yes,1,1,1,1
1449,28,No,Travel_Rarely,Research & Development,Technical Degree,Female,Manufacturing Director,4,Divorced,8722,No,3,2,3,2
1450,53,No,Travel_Rarely,Sales,Life Sciences,Male,Sales Representative,3,Single,3239,No,7,4,7,0
1451,29,No,Travel_Rarely,Research & Development,Medical,Male,Manufacturing Director,4,Married,7450,Yes,6,4,0,0
1452,43,No,Non-Travel,Sales,Other,Male,Manager,3,Divorced,17707,Yes,9,3,2,2
1453,46,No,Travel_Rarely,Research & Development,Life Sciences,Female,Research Scientist,1,Single,5669,Yes,4,1,2,0
1454,21,No,Travel_Rarely,Sales,Technical Degree,Female,Sales Representative,1,Divorced,3242,Yes,2,3,2,1
1455,25,No,Travel_Rarely,Sales,Medical,Female,Sales Representative,3,Divorced,3051,No,6,3,1,1
1456,53,No,Travel_Rarely,Research & Development,Marketing,Male,Research Scientist,1,Divorced,5328,No,2,1,1,0
1457,46,No,Travel_Rarely,Research & Development,Marketing,Female,Healthcare Representative,3,Divorced,7566,No,2,2,2,2
1458,20,No,Travel_Frequently,Research & Development,Other,Female,Laboratory Technician,4,Divorced,3393,No,1,3,1,0
1459,52,No,Travel_Frequently,Research & Development,Life Sciences,Male,Research Scientist,4,Married,5826,No,2,3,2,0
1460,60,No,Non-Travel,Sales,Technical Degree,Female,Sales Representative,3,Divorced,2511,Yes,1,4,1,0
1461,29,No,Travel_Rarely,Research & Development,Life Sciences,Male,Laboratory Technician,1,Married,3031,No,3,4,0,0
1462,45,No,Travel_Frequently,Research & Development,Other,Male,Research Scientist,2,Divorced,5863,No,22,1,6,4
1463,52,No,Travel_Rarely,Research & Development,Medical,Male,Research Director,4,Single,15284,No,2,2,2,0
1464,47,No,Travel_Rarely,Sales,Marketing,Male,Sales Representative,4,Married,3167,No,5,4,5,0
1465,38,No,Travel_Frequently,Research & Development,Marketing,Female,Manufacturing Director,2,Divorced,8354,No,0,3,0,0
1466,47,No,Non-Travel,Sales,Medical,Female,Sales Executive,2,Divorced,8834,Yes,4,3,4,0
1467,45,No,Travel_Rarely,Research & Development,Life Sciences,Male,Manager,3,Divorced,19988,No,15,4,1,0
1468,41,No,Travel_Rarely,Sales,Medical,Male,Sales Executive,2,Married,7365,No,5,4,5,1
1469,39,No,Travel_Rarely,Sales,Marketing,Female,Sales Representative,2,Married,2859,No,8,4,0,0
1470,35,No,Travel_Rarely,Research & Development,Other,Male,Laboratory Technician,4,Single,3141,Yes,1,4,1,0
1471,24,Yes,Travel_Rarely,Human Resources,Marketing,Male,Human Resources,3,Divorced,3951,No,5,2,1,1
1472,52,No,Travel_Rarely,Sales,Technical Degree,Female,Manager,2,Single,21943,Yes,5,3,5,1
1473,57,No,Travel_Rarely,Research & Development,Medical,Female,Laboratory Technician,1,Single,3137,Yes,2,3,2,2
1474,60,No,Travel_Rarely,Research & Development,Marketing,Male,Manager,4,Single,16565,No,6,4,0,0
1475,40,No,Travel_Rarely,Research & Development,Other,Female,Research Scientist,1,Married,5751,No,21,1,3,0
1476,27,No,Travel_Frequently,Human Resources,Human Resources,Female,Manager,4,Single,18453,No,8,2,4,1
1477,21,No,Travel_Rarely,Sales,Technical Degree,Male,Sales Representative,3,Married,2638,No,2,3,2,2
1478,28,No,Non-Travel,Research & Development,Medical,Female,Healthcare Representative,2,Married,9509,Yes,8,1,8,2
1479,21,Yes,Travel_Rarely,Sales,Medical,Female,Sales Representative,2,Single,2810,Yes,2,1,2,1
1480,51,No,Non-Travel,Research & Development,Medical,Female,Manager,2,Divorced,18124,No,17,4,4,2
1481,20,Yes,Travel_Rarely,Sales,Technical Degree,Female,Sales Representative,3,Married,2639,No,1,2,1,0
1482,57,No,Travel_Frequently,Research & Development,Human Resources,Female,Manufacturing Director,2,Married,8340,No,10,2,2,0
1483,23,Yes,Travel_Rarely,Research & Development,Medical,Male,Manager,4,Married,18417,Yes,4,1,4,0
1484,60,No,Travel_Rarely,Research & Development,Life Sciences,Female,Manufacturing Director,3,Divorced,9025,No,13,2,6,0
1485,43,Yes,Travel_Rarely,Sales,Other,Female,Sales Representative,4,Married,3304,No,6,4,4,1
1486,28,No,Non-Travel,Research & Development,Medical,Female,Manager,4,Single,17243,No,9,3,4,2
1487,55,No,Non-Travel,Research & Development,Life Sciences,Male,Manufacturing Director,3,Single,6480,No,0,3,0,0
1488,30,No,Travel_Rarely,Research & Development,Marketing,Female,Healthcare Representative,4,Single,10204,No,11,4,11,0
1489,57,No,Non-Travel,Sales,Human Resources,Female,Sales Executive,4,Married,6150,No,3,4,3,1
1490,42,No,Travel_Rarely,Research & Development,Human Resources,Male,Research Director,2,Single,25076,Yes,11,1,11,2
1491,28,No,Travel_Rarely,Sales,Life Sciences,Male,Manager,4,Single,21410,Yes,9,2,3,1
1492,47,No,Travel_Rarely,Research & Development,Life Sciences,Female,Manager,4,Married,20048,Yes,28,1,3,3
1493,56,No,Travel_Rarely,Research & Development,Other,Male,Manager,4,Married,20012,No,9,2,4,0
1494,23,Yes,Travel_Rarely,Research & Development,Marketing,Male,Research Director,4,Married,15751,No,3,4,3,3
1495,51,No,Travel_Rarely,Research & Development,Technical Degree,Female,Laboratory Technician,2,Divorced,3631,No,2,3,2,0
1496,49,No,Travel_Rarely,Research & Development,Other,Female,Manufacturing Director,2,Single,9593,No,16,2,11,1
1497,38,No,Travel_Rarely,Research & Development,Marketing,Female,Healthcare Representative,2,Single,7724,Yes,2,1,2,2
1498,54,No,Travel_Frequently,Research & Development,Other,Male,Research Scientist,3,Divorced,4941,Yes,2,2,1,0
1499,48,No,Travel_Frequently,Sales,Medical,Male,Sales Representative,1,Single,3739,No,29,1,8,7
1500,37,No,Travel_Rarely,Research & Development,Technical Degree,Female,Laboratory Technician,2,Single,4729,Yes,12,1,8,1
1501,40,No,Travel_Rarely,Sales,Other,Female,Sales Representative,2,Single,2960,No,3,2,1,0
1502,45,No,Travel_Frequently,Sales,Human Resources,Male,Sales Representative,4,Single,3898,No,25,2,13,6
1503,29,No,Travel_Rarely,Research & Development,Human Resources,Female,Healthcare Representative,3,Divorced,9286,Yes,5,4,2,0
1504,19,No,Travel_Rarely,Research & Development,Human Resources,Female,Manufacturing Director,4,Single,6580,No,0,3,0,0
1505,21,No,Travel_Rarely,Research & Development,Marketing,Female,Research Scientist,2,Divorced,6071,No,2,1,2,2
1506,53,No,Travel_Rarely,Sales,Other,Female,Sales Executive,1,Single,7429,No,8,3,1,1
1507,26,No,Travel_Rarely,Sales,Human Resources,Male,Manager,2,Divorced,19576,Yes,5,3,5,0
1508,34,Yes,Travel_Rarely,Research & Development,Life Sciences,Female,Manager,4,Single,19982,No,1,4,1,0
1509,23,No,Travel_Rarely,Research & Development,Human Resources,Female,Healthcare Representative,4,Divorced,8702,No,4,4,4,1
1510,28,No,Travel_Rarely,Human Resources,Human Resources,Male,Human Resources,2,Divorced,5517,No,7,4,3,1
1511,57,No,Travel_Rarely,Research & Development,Technical Degree,Male,Research Scientist,3,Single,4661,No,19,3,0,0
1512,45,Yes,Travel_Rarely,Sales,Life Sciences,Female,Manager,1,Married,15917,No,0,3,0,0
1513,47,No,Travel_Rarely,Research & Development,Medical,Female,Research Director,4,Single,23186,No,23,4,9,1
1514,58,No,Travel_Frequently,Research & Development,Human Resources,Male,Manager,3,Divorced,18502,No,5,1,1,1
1515,38,No,Travel_Rarely,Research & Development,Other,Male,Manager,1,Single,15778,No,8,2,0,0
1516,30,No,Travel_Rarely,Research & Development,Life Sciences,Female,Research Director,1,Single,18884,No,11,3,1,0
1517,45,Yes,Travel_Rarely,Research & Development,Life Sciences,Male,Laboratory Technician,3,Married,2821,No,0,2,0,0
1518,22,No,Travel_Rarely,Human Resources,Life Sciences,Male,Human Resources,4,Single,3911,No,3,3,2,0
1519,56,No,Travel_Rarely,Sales,Technical Degree,Male,Manager,4,Single,21758,Yes,2,1,2,1
1520,25,No,Non-Travel,Sales,Medical,Male,Manager,2,Divorced,17605,No,2,2,2,2
1521,21,No,Non-Travel,Human Resources,Human Resources,Female,Manager,4,Married,16361,No,0,3,0,0
1522,56,No,Non-Travel,Research & Development,Marketing,Female,Laboratory Technician,1,Single,3434,Yes,18,2,1,0
1523,40,No,Travel_Rarely,Research & Development,Marketing,Male,Manufacturing Director,2,Divorced,9318,No,10,4,10,2
1524,57,No,Travel_Rarely,Sales,Human Resources,Male,Sales Executive,4,Divorced,7822,No,6,1,6,2
1525,47,No,Travel_Rarely,Sales,Medical,Female,Manager,1,Single,20973,No,11,1,2,2
1526,36,No,Travel_Rarely,Sales,Marketing,Male,Sales Executive,2,Married,9190,No,11,2,7,0
1527,57,No,Travel_Rarely,Research & Development,Human Resources,Male,Manager,4,Single,17599,No,2,2,1,1
1528,23,No,Travel_Rarely,Research & Development,Technical Degree,Male,Manager,1,Married,20620,No,1,3,1,1
1529,22,No,Travel_Rarely,Research & Development,Life Sciences,Male,Manager,4,Single,18264,Yes,3,3,2,2
1530,53,No,Non-Travel,Sales,Medical,Male,Sales Representative,2,Single,2284,No,5,4,0,0
1531,59,Yes,Travel_Frequently,Research & Development,Medical,Female,Research Scientist,3,Single,4206,No,9,2,0,0
1532,34,No,Travel_Rarely,Research & Development,Technical Degree,Female,Research Director,1,Divorced,22885,No,15,1,8,1
1533,22,No,Travel_Rarely,Sales,Technical Degree,Male,Sales Executive,1,Divorced,7679,Yes,3,3,3,0
1534,57,No,Travel_Rarely,Research & Development,Human Resources,Male,Laboratory Technician,1,Married,3806,No,15,3,5,1
1535,31,No,Travel_Frequently,Research & Development,Technical Degree,Female,Research Director,2,Single,16920,No,1,3,0,0
1536,22,No,Travel_Rarely,Sales,Other,Female,Sales Executive,2,Married,7252,No,1,2,1,1
1537,52,No,Travel_Frequently,Research & Development,Medical,Male,Research Scientist,4,Single,6091,No,8,3,6,0
1538,49,No,Travel_Frequently,Research & Development,Life Sciences,Female,Manager,3,Single,23009,No,11,4,11,1
1539,59,No,Travel_Frequently,Research & Development,Medical,Male,Research Scientist,3,Married,4735,No,2,4,1,1
1540,20,Yes,Travel_Rarely,Sales,Medical,Male,Sales Representative,1,Married,2784,No,1,2,0,0
1541,54,No,Travel_Frequently,Research & Development,Life Sciences,Female,Manufacturing Director,2,Single,7114,Yes,2,4,1,0
1542,42,Yes,Travel_Frequently,Sales,Medical,Male,Sales Executive,1,Single,9374,No,16,1,6,5
1543,42,No,Travel_Rarely,Research & Development,Life Sciences,Female,Manager,3,Single,22281,No,3,2,3,2
1544,50,No,Travel_Rarely,Research & Development,Medical,Female,Research Director,3,Divorced,17315,Yes,2,4,0,0
1545,49,No,Travel_Rarely,Research & Development,Medical,Female,Manager,1,Single,19418,No,12,2,4,0
1546,46,No,Travel_Rarely,Research & Development,Marketing,Male,Manufacturing Director,1,Divorced,8413,No,21,3,5,5
1547,58,No,Travel_Rarely,Sales,Marketing,Male,Manager,1,Married,18599,No,4,2,3,1
1548,51,No,Non-Travel,Research & Development,Human Resources,Female,Manufacturing Director,1,Married,10372,Yes,7,2,6,3
1549,36,No,Travel_Rarely,Sales,Marketing,Female,Manager,3,Married,21150,No,2,1,2,0
1550,49,No,Travel_Rarely,Human Resources,Other,Female,Human Resources,2,Divorced,6537,Yes,10,4,10,6
1551,24,Yes,Travel_Rarely,Research & Development,Medical,Female,Manufacturing Director,1,Divorced,8267,Yes,3,3,1,1
1552,41,No,Travel_Rarely,Sales,Life Sciences,Male,Manager,3,Single,18838,No,4,1,3,2
1553,55,No,Travel_Rarely,Human Resources,Medical,Female,Manager,4,Single,23310,No,9,1,5,1
1554,59,Yes,Travel_Rarely,Research & Development,Life Sciences,Female,Healthcare Representative,4,Married,7722,Yes,22,1,0,0
1555,52,Yes,Travel_Rarely,Sales,Technical Degree,Female,Sales Representative,2,Divorced,2366,No,0,1,0,0
1556,27,No,Travel_Rarely,Sales,Human Resources,Female,Sales Executive,3,Married,7530,Yes,8,2,2,2
1557,47,No,Travel_Frequently,Sales,Human Resources,Male,Sales Executive,4,Married,6721,No,0,4,0,0
1558,41,No,Travel_Rarely,Research & Development,Human Resources,Female,Healthcare Representative,2,Married,9807,No,12,2,7,0
1559,30,No,Travel_Rarely,Research & Development,Human Resources,Male,Manager,3,Married,14882,No,11,1,0,0
1560,26,No,Travel_Rarely,Research & Development,Technical Degree,Male,Research Director,3,Single,17892,No,7,2,0,0
1561,48,No,Travel_Rarely,Research & Development,Technical Degree,Female,Manager,2,Married,19389,Yes,4,3,4,3
1562,34,No,Travel_Frequently,Sales,Other,Female,Manager,1,Single,18011,Yes,12,2,3,1
1563,36,No,Travel_Rarely,Sales,Marketing,Female,Sales Executive,1,Single,5799,No,1,1,1,0
1564,43,No,Travel_Rarely,Research & Development,Human Resources,Male,Research Scientist,1,Single,6815,Yes,14,3,14,0
1565,29,No,Travel_Rarely,Human Resources,Life Sciences,Male,Human Resources,2,Single,4768,No,10,4,0,0
1566,30,Yes,Travel_Rarely,Sales,Medical,Female,Sales Representative,3,Married,2403,Yes,0,3,0,0
1567,25,No,Non-Travel,Research & Development,Human Resources,Male,Healthcare Representative,3,Married,9394,Yes,6,4,6,5
1568,39,No,Travel_Rarely,Sales,Other,Male,Manager,2,Married,17818,No,20,1,6,0
1569,34,No,Travel_Rarely,Sales,Other,Female,Sales Representative,1,Divorced,2479,Yes,9,2,0,0
1570,36,No,Travel_Frequently,Research & Development,Marketing,Female,Laboratory Technician,1,Single,3985,No,3,2,3,0
1571,34,No,Travel_Rarely,Sales,Life Sciences,Male,Sales Executive,1,Single,9350,No,15,1,7,0
1572,32,No,Travel_Rarely,Research & Development,Human Resources,Male,Laboratory Technician,4,Single,3737,Yes,1,4,1,1
1573,34,No,Travel_Rarely,Research & Development,Technical Degree,Female,Research Director,3,Married,16274,No,3,4,3,3
1574,46,No,Travel_Frequently,Research & Development,Medical,Female,Manager,3,Married,19898,No,14,2,10,3
1575,37,Yes,Travel_Rarely,Research & Development,Other,Female,Healthcare Representative,2,Married,7574,No,4,1,4,0
1576,44,No,Travel_Rarely,Research & Development,Other,Male,Healthcare Representative,1,Single,8506,No,25,1,2,1
1577,41,No,Travel_Frequently,Research & Development,Marketing,Male,Manufacturing Director,2,Divorced,9102,No,7,2,4,2
1578,35,Yes,Travel_Rarely,Research & Development,Life Sciences,Female,Laboratory Technician,2,Married,3941,No,9,1,9,0
1579,52,No,Travel_Rarely,Research & Development,Human Resources,Male,Research Scientist,4,Single,6953,No,24,3,12,0
1580,28,Yes,Travel_Rarely,Research & Development,Human Resources,Female,Manufacturing Director,4,Divorced,8270,Yes,3,1,1,1
1581,46,Yes,Travel_Frequently,Research & Development,Life Sciences,Male,Manufacturing Director,4,Single,6945,Yes,1,2,1,1
1582,47,No,Travel_Rarely,Sales,Other,Male,Sales Representative,3,Married,2774,No,9,1,5,4
1583,19,No,Non-Travel,Research & Development,Marketing,Female,Research Scientist,1,Married,5163,No,0,4,0,0
1584,46,No,Travel_Rarely,Research & Development,Marketing,Female,Research Director,4,Single,17516,Yes,4,4,4,0
1585,44,No,Travel_Rarely,Sales,Human Resources,Female,Manager,2,Divorced,25905,No,12,3,12,0
1586,19,Yes,Non-Travel,Research & Development,Technical Degree,Female,Laboratory Technician,3,Divorced,2738,No,0,4,0,0
1587,41,No,Travel_Frequently,Research & Development,Human Resources,Male,Research Scientist,4,Divorced,6882,No,5,3,5,5
1588,51,No,Travel_Frequently,Research & Development,Life Sciences,Female,Manager,4,Divorced,19630,No,0,2,0,0
1589,32,No,Non-Travel,Research & Development,Medical,Female,Laboratory Technician,3,Divorced,2937,No,1,4,1,1
1590,26,No,Travel_Rarely,Research & Development,Technical Degree,Female,Manager,2,Divorced,21889,No,7,1,7,2
1591,46,No,Travel_Rarely,Research & Development,Medical,Female,Research Director,2,Married,14584,Yes,16,1,1,0
1592,38,Yes,Travel_Rarely,Research & Development,Life Sciences,Female,Research Scientist,2,Married,5845,No,0,2,0,0
1593,33,No,Travel_Rarely,Sales,Human Resources,Male,Sales Representative,1,Married,2588,No,6,3,3,1
1594,59,No,Travel_Rarely,Human Resources,Life Sciences,Male,Manager,2,Married,19252,No,17,2,4,2
1595,29,No,Travel_Rarely,Research & Development,Marketing,Female,Manufacturing Director,4,Divorced,9048,No,10,1,4,0
1596,54,No,Travel_Frequently,Research & Development,Other,Male,Manager,3,Married,18113,No,5,4,0,0
1597,28,No,Travel_Frequently,Research & Development,Technical Degree,Male,Manufacturing Director,1,Single,8419,No,2,2,2,0
1598,30,Yes,Travel_Rarely,Sales,Medical,Female,Sales Representative,4,Married,2518,No,11,2,0,0
1599,30,No,Travel_Rarely,Sales,Technical Degree,Female,Manager,4,Single,20766,No,10,3,2,2
1600,26,No,Travel_Rarely,Sales,Medical,Female,Sales Executive,3,Married,6748,No,6,1,6,1
1601,38,No,Travel_Rarely,Human Resources,Other,Female,Manager,1,Single,20091,No,8,4,0,0
1602,53,Yes,Travel_Frequently,Research & Development,Technical Degree,Female,Research Director,2,Single,23429,No,12,2,9,0
1603,32,No,Travel_Rarely,Sales,Medical,Female,Manager,3,Divorced,19153,Yes,10,3,0,0
1604,21,No,Travel_Rarely,Sales,Other,Male,Sales Representative,3,Divorced,3006,No,2,3,2,2
1605,34,Yes,Travel_Rarely,Sales,Other,Female,Sales Executive,3,Single,6014,Yes,0,3,0,0
1606,43,Yes,Travel_Frequently,Research & Development,Human Resources,Female,Manufacturing Director,2,Divorced,8920,No,10,2,1,1
1607,42,Yes,Travel_Rarely,Research & Development,Other,Male,Laboratory Technician,4,Single,3513,No,8,4,6,1
1608,26,No,Travel_Rarely,Sales,Life Sciences,Female,Manager,2,Single,16746,No,7,2,3,0
1609,26,No,Travel_Rarely,Research & Development,Life Sciences,Male,Research Scientist,3,Married,5768,No,1,3,1,0
1610,30,No,Travel_Frequently,Human Resources,Human Resources,Male,Manager,4,Divorced,20315,No,4,2,4,4
1611,55,Yes,Travel_Rarely,Sales,Marketing,Female,Sales Representative,4,Divorced,3096,No,13,4,0,0
1612,52,No,Travel_Frequently,Sales,Human Resources,Male,Sales Representative,4,Single,3532,No,28,3,12,3
1613,29,No,Non-Travel,Research & Development,Other,Male,Research Scientist,4,Married,5759,No,8,2,0,0
1614,19,No,Travel_Frequently,Sales,Human Resources,Male,Sales Executive,1,Single,6080,No,0,4,0,0
1615,51,No,Travel_Rarely,Sales,Technical Degree,Female,Sales Executive,2,Married,5912,No,4,1,0,0
1616,59,No,Travel_Frequently,Sales,Technical Degree,Male,Manager,1,Married,20945,No,8,4,1,0
1617,40,Yes,Non-Travel,Sales,Other,Male,Sales Representative,4,Married,2867,No,3,4,0,0
1618,19,Yes,Travel_Rarely,Sales,Technical Degree,Female,Sales Representative,2,Single,2569,No,0,3,0,0
1619,46,No,Travel_Rarely,Sales,Medical,Male,Manager,4,Married,15286,No,0,3,0,0
1620,26,No,Travel_Rarely,Human Resources,Life Sciences,Male,Manager,4,Single,21569,No,5,4,4,3
1621,19,No,Travel_Rarely,Sales,Technical Degree,Male,Manager,4,Married,16679,No,0,4,0,0
1622,51,No,Travel_Rarely,Sales,Life Sciences,Male,Sales Executive,4,Single,6338,No,2,2,1,0
1623,33,No,Non-Travel,Human Resources,Technical Degree,Female,Human Resources,2,Divorced,3987,Yes,1,1,1,0
1624,33,No,Travel_Rarely,Sales,Human Resources,Female,Manager,3,Single,18394,Yes,2,3,2,0
1625,30,Yes,Travel_Frequently,Research & Development,Technical Degree,Female,Research Scientist,1,Married,4528,No,0,4,0,0
1626,19,No,Travel_Rarely,Sales,Medical,Female,Sales Executive,3,Single,6345,No,0,2,0,0
1627,59,Yes,Travel_Rarely,Research & Development,Other,Female,Laboratory Technician,4,Married,3741,No,13,1,0,0
1628,53,No,Travel_Frequently,Research & Development,Human Resources,Male,Laboratory Technician,3,Married,3336,Yes,12,3,0,0
1629,52,No,Travel_Rarely,Sales,Human Resources,Male,Sales Representative,1,Divorced,3140,No,26,1,4,0
1630,53,No,Travel_Rarely,Research & Development,Life Sciences,Male,Healthcare Representative,4,Divorced,13998,No,20,3,20,0
1631,19,No,Travel_Rarely,Sales,Other,Male,Manager,2,Single,18880,No,0,3,0,0
1632,34,No,Travel_Frequently,Sales,Medical,Male,Manager,1,Single,18002,Yes,3,2,3,3
1633,57,No,Travel_Rarely,Research & Development,Human Resources,Male,Manager,3,Married,21337,Yes,35,3,2,2
1634,30,No,Travel_Rarely,Sales,Human Resources,Male,Sales Representative,4,Married,2999,No,2,3,0,0
1635,32,No,Travel_Rarely,Sales,Life Sciences,Female,Sales Representative,3,Single,3010,Yes,8,2,8,2
1636,31,Yes,Travel_Frequently,Research & Development,Life Sciences,Female,Laboratory Technician,4,Single,3885,No,8,2,8,0
1637,44,No,Travel_Rarely,Research & Development,Human Resources,Male,Manager,1,Single,20166,No,1,1,1,1
1638,36,Yes,Travel_Rarely,Sales,Technical Degree,Female,Sales Executive,3,Single,7993,No,1,1,1,0
1639,28,No,Non-Travel,Sales,Technical Degree,Male,Sales Representative,3,Single,2894,Yes,2,1,2,0
1640,33,Yes,Travel_Rarely,Research & Development,Life Sciences,Male,Research Scientist,1,Single,4552,No,5,4,0,0
1641,41,No,Non-Travel,Human Resources,Marketing,Male,Manager,2,Divorced,20186,Yes,0,2,0,0
1642,38,No,Travel_Rarely,Research & Development,Medical,Male,Manager,3,Married,17389,No,9,1,2,2
1643,49,No,Travel_Rarely,Sales,Marketing,Female,Sales Representative,2,Married,2871,Yes,16,2,0,0
1644,45,No,Travel_Rarely,Research & Development,Medical,Female,Manager,4,Single,24566,No,9,4,6,0
1645,52,No,Non-Travel,Research & Development,Medical,Male,Healthcare Representative,1,Single,10098,Yes,8,3,7,2
1646,27,No,Travel_Rarely,Research & Development,Life Sciences,Male,Manufacturing Director,2,Married,8687,No,3,1,0,0
1647,46,No,Travel_Frequently,Research & Development,Life Sciences,Male,Manager,1,Single,17173,No,4,2,4,2
1648,28,No,Travel_Rarely,Sales,Human Resources,Male,Sales Representative,3,Married,2972,No,9,4,3,0
1649,60,No,Travel_Rarely,Sales,Other,Female,Sales Executive,4,Divorced,5549,No,0,3,0,0
1650,36,No,Travel_Rarely,Sales,Human Resources,Male,Sales Executive,2,Divorced,6623,Yes,17,4,4,4
1651,60,No,Travel_Rarely,Research & Development,Other,Female,Manufacturing Director,1,Single,11147,No,10,1,10,0
1652,53,No,Travel_Rarely,Sales,Other,Male,Sales Executive,1,Divorced,7860,Yes,1,2,1,0
1653,21,No,Travel_Frequently,Human Resources,Human Resources,Female,Manager,2,Single,20522,No,0,3,0,0
1654,40,No,Travel_Rarely,Research & Development,Life Sciences,Female,Research Scientist,4,Single,6521,Yes,5,4,5,0
1655,24,No,Travel_Rarely,Sales,Medical,Female,Sales Representative,2,Married,3014,No,5,3,0,0
1656,21,Yes,Non-Travel,Research & Development,Life Sciences,Male,Healthcare Representative,2,Married,7309,No,2,4,2,0
1657,50,Yes,Travel_Rarely,Research & Development,Technical Degree,Female,Research Scientist,1,Married,4441,No,0,1,0,0
1658,60,No,Travel_Rarely,Human Resources,Other,Female,Manager,4,Married,27392,No,25,2,16,7
1659,51,Yes,Non-Travel,Sales,Life Sciences,Female,Sales Representative,2,Married,2642,No,5,1,5,5
1660,23,Yes,Travel_Rarely,Sales,Human Resources,Male,Sales Representative,4,Married,2704,No,2,1,2,2
1661,44,Yes,Travel_Rarely,Research & Development,Medical,Female,Laboratory Technician,3,Single,3493,No,3,4,2,2
1662,55,Yes,Travel_Rarely,Research & Development,Life Sciences,Female,Manufacturing Director,4,Married,8597,No,0,2,0,0
1663,24,Yes,Travel_Rarely,Sales,Life Sciences,Male,Sales Executive,2,Married,7775,No,1,3,1,0
1664,29,No,Travel_Frequently,Research & Development,Other,Female,Manufacturing Director,4,Single,8103,No,2,3,2,1
1665,31,Yes,Travel_Frequently,Research & Development,Technical Degree,Male,Research Director,3,Married,15412,No,0,1,0,0
1666,45,No,Travel_Rarely,Research & Development,Medical,Female,Research Scientist,1,Divorced,6389,No,3,1,3,3
1667,57,No,Non-Travel,Research & Development,Marketing,Male,Laboratory Technician,3,Divorced,4074,No,4,1,2,2
1668,45,No,Travel_Rarely,Research & Development,Medical,Male,Healthcare Representative,2,Divorced,8180,No,5,4,2,1
1669,46,No,Non-Travel,Research & Development,Other,Female,Manufacturing Director,1,Single,10606,Yes,10,1,7,5
1670,53,No,Travel_Rarely,Research & Development,Life Sciences,Male,Research Director,2,Married,14265,No,1,4,1,1
1671,48,No,Travel_Rarely,Human Resources,Human Resources,Female,Manager,2,Married,22421,Yes,5,3,5,2
1672,34,Yes,Travel_Frequently,Research & Development,Other,Female,Healthcare Representative,3,Single,6357,No,0,3,0,0
1673,31,No,Travel_Frequently,Research & Development,Marketing,Male,Healthcare Representative,4,Married,9312,No,9,2,2,0
1674,27,No,Travel_Rarely,Sales,Life Sciences,Male,Manager,2,Married,23141,No,7,3,5,3
1675,28,No,Travel_Rarely,Sales,Marketing,Male,Manager,2,Single,15094,No,0,4,0,0
1676,38,Yes,Travel_Rarely,Research & Development,Medical,Male,Laboratory Technician,1,Divorced,3877,No,2,3,2,2
1677,26,No,Non-Travel,Human Resources,Medical,Female,Human Resources,4,Single,4682,No,6,3,5,0
1678,45,No,Travel_Rarely,Research & Development,Life Sciences,Male,Research Scientist,4,Divorced,5343,No,0,2,0,0
1679,21,No,Non-Travel,Research & Development,Life Sciences,Male,Research Director,3,Divorced,19842,No,1,1,1,0
1680,32,Yes,Travel_Rarely,Research & Development,Medical,Male,Laboratory Technician,2,Married,3086,Yes,13,3,0,0
1681,37,No,Travel_Rarely,Research & Development,Life Sciences,Female,Manager,2,Single,24583,No,6,3,6,1
1682,50,No,Travel_Rarely,Research & Development,Marketing,Female,Manager,4,Divorced,17962,No,5,4,3,1
1683,29,Yes,Travel_Frequently,Research & Development,Medical,Female,Healthcare Representative,3,Married,9924,No,10,4,10,0
1684,34,Yes,Travel_Rarely,Research & Development,Other,Female,Manufacturing Director,1,Single,8196,Yes,0,3,0,0
1685,37,No,Travel_Frequently,Research & Development,Technical Degree,Female,Healthcare Representative,1,Married,7991,No,9,4,4,0
1686,50,No,Travel_Rarely,Sales,Marketing,Male,Sales Executive,4,Divorced,7026,Yes,6,2,6,1
1687,19,No,Travel_Frequently,Research & Development,Life Sciences,Female,Research Director,1,Single,15855,No,0,3,0,0
1688,38,No,Travel_Rarely,Research & Development,Technical Degree,Female,Healthcare Representative,4,Divorced,8542,No,3,3,3,1
1689,42,Yes,Travel_Frequently,Human Resources,Medical,Female,Human Resources,4,Divorced,4783,Yes,23,2,0,0
1690,35,No,Travel_Rarely,Human Resources,Medical,Female,Human Resources,4,Single,4017,Yes,16,3,0,0
1691,56,No,Travel_Rarely,Sales,Marketing,Female,Sales Executive,4,Single,11120,Yes,21,4,20,1
1692,24,Yes,Travel_Rarely,Sales,Life Sciences,Male,Sales Representative,1,Married,3190,No,4,4,4,0
1693,50,No,Travel_Rarely,Research & Development,Other,Male,Laboratory Technician,3,Single,3426,No,1,4,1,1
1694,43,No,Travel_Rarely,Sales,Other,Male,Sales Representative,2,Single,4146,Yes,24,3,12,1
1695,26,No,Travel_Rarely,Research & Development,Life Sciences,Female,Research Scientist,3,Married,4509,No,2,1,2,0
1696,51,Yes,Travel_Rarely,Sales,Technical Degree,Male,Sales Representative,4,Divorced,2724,Yes,5,2,2,1
1697,50,No,Travel_Rarely,Sales,Other,Male,Manager,1,Married,16118,Yes,7,3,0,0
1698,44,No,Travel_Rarely,Sales,Human Resources,Female,Manager,2,Divorced,19914,Yes,4,3,0,0
1699,51,No,Travel_Rarely,Sales,Technical Degree,Male,Sales Executive,1,Single,8770,No,23,2,5,2
1700,40,No,Non-Travel,Research & Development,Technical Degree,Male,Healthcare Representative,3,Married,6732,No,0,4,0,0
1701,55,No,Travel_Rarely,Sales,Marketing,Female,Sales Executive,1,Married,7136,No,11,3,2,0
1702,35,No,Travel_Rarely,Research & Development,Other,Male,Research Director,4,Single,18873,No,10,1,1,1
1703,28,No,Travel_Rarely,Human Resources,Technical Degree,Male,Human Resources,1,Married,4592,No,4,2,0,0
1704,53,No,Travel_Rarely,Research & Development,Marketing,Female,Manager,3,Single,19660,Yes,22,4,3,3
1705,40,No,Travel_Rarely,Sales,Human Resources,Male,Manager,1,Married,18031,No,17,1,0,0
1706,37,No,Non-Travel,Research & Development,Other,Male,Research Director,1,Single,18409,No,9,2,6,0
1707,46,No,Travel_Rarely,Research & Development,Medical,Male,Research Scientist,2,Married,5017,No,4,1,4,0
1708,37,No,Travel_Rarely,Research & Development,Other,Female,Research Scientist,1,Single,5946,No,2,3,2,0
1709,39,No,Travel_Rarely,Research & Development,Human Resources,Female,Manager,3,Divorced,16125,No,16,1,0,0
1710,25,No,Travel_Rarely,Sales,Technical Degree,Female,Sales Representative,4,Single,3167,No,1,4,1,0
1711,45,No,Travel_Rarely,Research & Development,Technical Degree,Male,Research Scientist,3,Married,5514,No,0,1,0,0
1712,52,No,Travel_Rarely,Research & Development,Human Resources,Female,Healthcare Representative,1,Single,8439,No,6,3,0,0
1713,51,No,Travel_Rarely,Sales,Marketing,Male,Manager,2,Married,15487,No,13,2,0,0
1714,26,No,Travel_Rarely,Research & Development,Life Sciences,Female,Laboratory Technician,1,Married,3302,Yes,0,4,0,0
1715,34,No,Travel_Rarely,Research & Development,Medical,Male,Laboratory Technician,4,Divorced,3970,No,15,2,4,3
1716,51,No,Travel_Frequently,Research & Development,Technical Degree,Female,Laboratory Technician,4,Divorced,3471,No,13,3,4,1
1717,45,Yes,Travel_Rarely,Research & Development,Marketing,Male,Healthcare Representative,1,Married,6601,No,16,4,0,0
1718,36,Yes,Travel_Frequently,Research & Development,Medical,Female,Healthcare Representative,4,Divorced,8520,Yes,0,1,0,0
1719,48,No,Travel_Rarely,Research & Development,Other,Male,Manufacturing Director,4,Divorced,10721,No,12,4,9,0
1720,52,Yes,Travel_Frequently,Research & Development,Human Resources,Male,Research Director,1,Single,18621,No,3,1,3,1
1721,50,No,Travel_Rarely,Sales,Medical,Female,Sales Executive,2,Married,8572,No,27,1,3,2
1722,58,No,Travel_Rarely,Research & Development,Human Resources,Female,Research Scientist,1,Married,4922,No,2,2,0,0
1723,55,Yes,Travel_Rarely,Sales,Life Sciences,Male,Manager,4,Single,19361,Yes,8,2,1,1
1724,19,No,Travel_Rarely,Sales,Other,Female,Sales Executive,4,Divorced,5688,Yes,0,2,0,0
1725,54,No,Travel_Rarely,Research & Development,Technical Degree,Male,Research Director,2,Single,22489,No,19,3,9,1
1726,20,Yes,Non-Travel,Research & Development,Other,Male,Manufacturing Director,2,Divorced,7086,No,1,3,1,1
1727,38,Yes,Travel_Frequently,Research & Development,Technical Degree,Female,Research Director,3,Single,14220,No,5,1,0,0
1728,27,No,Non-Travel,Research & Development,Other,Male,Research Scientist,4,Married,5846,No,2,1,2,0
1729,57,No,Travel_Rarely,Human Resources,Medical,Female,Manager,1,Married,25465,Yes,13,1,13,4
1730,20,Yes,Travel_Rarely,Research & Development,Technical Degree,Male,Laboratory Technician,1,Married,2939,No,1,4,0,0
1731,27,No,Travel_Rarely,Research & Development,Other,Male,Research Director,1,Single,18659,No,1,2,0,0
1732,55,No,Non-Travel,Research & Development,Marketing,Female,Research Director,4,Divorced,14999,Yes,0,2,0,0
1733,37,No,Travel_Frequently,Research & Development,Marketing,Male,Laboratory Technician,2,Married,3576,Yes,1,4,1,1
1734,54,No,Travel_Rarely,Research & Development,Human Resources,Female,Manufacturing Director,1,Married,7611,No,3,3,3,1
1735,52,No,Travel_Rarely,Sales,Technical Degree,Male,Sales Executive,2,Single,6818,No,2,4,2,0
1736,36,No,Travel_Rarely,Research & Development,Technical Degree,Female,Research Scientist,4,Single,4611,Yes,3,1,2,2
1737,30,No,Travel_Frequently,Sales,Other,Male,Sales Representative,3,Single,2551,No,10,3,4,2
1738,46,No,Travel_Rarely,Research & Development,Human Resources,Female,Research Director,3,Single,23424,No,20,4,9,5
1739,34,No,Travel_Rarely,Human Resources,Life Sciences,Female,Manager,3,Married,20344,Yes,1,3,0,0
1740,60,No,Travel_Rarely,Sales,Technical Degree,Male,Sales Representative,2,Married,3204,No,16,4,5,0
1741,49,No,Travel_Frequently,Sales,Marketing,Female,Sales Representative,3,Married,3120,Yes,10,1,4,1
1742,33,Yes,Non-Travel,Research & Development,Human Resources,Male,Laboratory Technician,4,Single,2775,Yes,9,3,0,0
1743,35,No,Travel_Rarely,Human Resources,Life Sciences,Male,Manager,1,Single,17873,Yes,0,1,0,0
1744,42,No,Non-Travel,Sales,Human Resources,Female,Manager,3,Married,20796,No,17,3,6,0
1745,58,No,Travel_Rarely,Human Resources,Human Resources,Female,Manager,2,Single,15523,No,0,3,0,0
1746,21,No,Travel_Frequently,Research & Development,Life Sciences,Male,Research Director,2,Divorced,17235,No,2,4,0,0
1747,52,No,Travel_Rarely,Research & Development,Human Resources,Male,Research Director,3,Divorced,15774,Yes,5,2,1,1
1748,45,No,Travel_Rarely,Sales,Medical,Male,Manager,4,Married,21534,No,4,4,2,1
1749,27,No,Travel_Rarely,Research & Development,Medical,Male,Manager,2,Married,19622,No,8,4,8,0
1750,45,No,Non-Travel,Sales,Life Sciences,Male,Sales Executive,4,Divorced,7972,Yes,3,1,3,3
1751,46,No,Travel_Frequently,Research & Development,Life Sciences,Male,Healthcare Representative,3,Divorced,8988,Yes,4,1,3,1
1752,45,No,Travel_Rarely,Research & Development,Other,Female,Healthcare Representative,1,Divorced,10562,No,9,2,8,1
1753,39,No,Travel_Rarely,Research & Development,Other,Female,Healthcare Representative,3,Married,9960,Yes,5,1,4,1
1754,30,Yes,Travel_Rarely,Research & Development,Marketing,Male,Manufacturing Director,3,Single,8459,No,11,3,0,0
1755,47,Yes,Travel_Rarely,Sales,Medical,Male,Sales Representative,2,Single,2531,No,2,3,1,1
1756,53,No,Travel_Rarely,Research & Development,Technical Degree,Female,Research Scientist,4,Single,5770,No,7,4,1,1
1757,47,No,Travel_Rarely,Research & Development,Medical,Male,Research Scientist,3,Married,5015,Yes,21,1,4,0
1758,36,Yes,Travel_Frequently,Sales,Human Resources,Female,Sales Representative,1,Single,2755,No,6,4,6,2
1759,59,No,Travel_Frequently,Research & Development,Technical Degree,Male,Manager,2,Divorced,15443,No,0,3,0,0
1760,31,No,Travel_Rarely,Research & Development,Life Sciences,Female,Laboratory Technician,4,Divorced,3530,Yes,10,2,0,0
1761,59,No,Travel_Rarely,Sales,Technical Degree,Female,Sales Representative,2,Divorced,3397,Yes,8,3,6,1
1762,37,No,Travel_Frequently,Research & Development,Life Sciences,Male,Healthcare Representative,3,Married,8245,No,1,2,0,0
1763,41,Yes,Travel_Rarely,Human Resources,Marketing,Male,Human Resources,4,Married,5329,No,11,2,7,2
1764,35,No,Non-Travel,Sales,Life Sciences,Female,Sales Representative,4,Married,2869,Yes,11,2,3,3
1765,29,No,Travel_Rarely,Research & Development,Life Sciences,Female,Research Director,1,Married,23682,No,7,1,7,0
1766,23,No,Travel_Rarely,Research & Development,Marketing,Female,Research Director,2,Married,16770,Yes,4,3,4,0
1767,34,Yes,Travel_Rarely,Sales,Marketing,Male,Manager,4,Single,20280,Yes,15,1,0,0
1768,34,Yes,Travel_Frequently,Research & Development,Other,Female,Manager,3,Single,16894,No,0,1,0,0
1769,57,No,Travel_Frequently,Sales,Life Sciences,Female,Manager,3,Married,16974,No,25,4,0,0
1770,35,No,Travel_Rarely,Research & Development,Human Resources,Male,Research Scientist,3,Married,5759,Yes,16,4,5,0
1771,44,No,Non-Travel,Sales,Other,Male,Sales Representative,2,Divorced,3355,No,25,4,8,2
1772,59,No,Travel_Rarely,Research & Development,Technical Degree,Male,Laboratory Technician,2,Single,3688,No,37,4,0,0
1773,45,No,Travel_Rarely,Research & Development,Other,Female,Manufacturing Director,1,Divorced,7518,No,3,3,2,0
1774,34,No,Non-Travel,Research & Development,Technical Degree,Male,Manager,1,Single,21866,No,3,4,3,1
1775,26,No,Travel_Rarely,Sales,Other,Female,Manager,4,Married,15375,No,1,2,1,1
1776,46,No,Travel_Frequently,Sales,Human Resources,Male,Sales Executive,2,Divorced,7646,No,27,2,7,4
1777,52,No,Travel_Frequently,Human Resources,Technical Degree,Male,Manager,2,Married,18351,No,9,2,3,0
1778,49,Yes,Travel_Rarely,Research & Development,Technical Degree,Male,Laboratory Technician,3,Single,2930,No,0,1,0,0
1779,33,No,Travel_Rarely,Research & Development,Technical Degree,Female,Research Director,3,Divorced,15191,No,4,3,0,0
1780,31,No,Travel_Rarely,Research & Development,Other,Female,Manager,4,Divorced,16305,Yes,0,3,0,0
1781,49,No,Travel_Rarely,Research & Development,Life Sciences,Female,Manager,2,Single,15922,No,2,2,0,0
1782,27,No,Travel_Rarely,Research & Development,Human Resources,Female,Research Scientist,4,Married,5222,No,7,4,3,2
1783,39,No,Travel_Frequently,Research & Development,Technical Degree,Female,Research Director,2,Divorced,23592,No,7,4,7,3
1784,60,Yes,Travel_Rarely,Sales,Medical,Male,Sales Representative,2,Single,2634,No,4,2,0,0
1785,31,No,Travel_Frequently,Research & Development,Human Resources,Female,Research Director,3,Married,15665,Yes,0,1,0,0
1786,35,No,Travel_Rarely,Sales,Human Resources,Male,Manager,4,Single,14803,No,3,4,0,0
1787,28,No,Travel_Rarely,Research & Development,Other,Female,Research Director,4,Single,14556,No,9,1,1,1
1788,20,No,Travel_Frequently,Research & Development,Technical Degree,Female,Manager,3,Divorced,20725,Yes,1,1,1,1
1789,31,No,Travel_Rarely,Research & Development,Human Resources,Male,Research Scientist,2,Married,4912,No,12,4,4,2
1790,26,No,Travel_Rarely,Sales,Medical,Female,Sales Representative,1,Divorced,3106,No,4,2,4,2
1791,29,No,Travel_Rarely,Research & Development,Technical Degree,Female,Research Scientist,2,Single,4455,No,10,2,1,0
1792,39,No,Travel_Rarely,Sales,Marketing,Female,Manager,4,Married,18587,No,5,3,5,0
1793,47,No,Travel_Rarely,Research & Development,Human Resources,Female,Research Director,2,Single,22890,No,17,4,6,0
1794,54,No,Travel_Rarely,Research & Development,Human Resources,Male,Research Director,1,Married,23579,Yes,17,1,9,0
1795,39,No,Travel_Rarely,Sales,Marketing,Female,Manager,1,Divorced,15861,No,4,2,2,1
1796,41,No,Travel_Rarely,Research & Development,Medical,Female,Laboratory Technician,4,Divorced,3032,No,3,4,3,0
1797,49,No,Travel_Frequently,Research & Development,Marketing,Female,Manufacturing Director,1,Divorced,9038,No,11,4,2,2
1798,29,No,Travel_Frequently,Sales,Life Sciences,Male,Manager,2,Married,27399,Yes,10,2,10,6
1799,41,Yes,Travel_Rarely,Research & Development,Medical,Female,Laboratory Technician,1,Single,2986,No,6,2,1,0
1800,54,No,Travel_Rarely,Research & Development,Technical Degree,Male,Laboratory Technician,2,Single,3323,No,18,4,2,1
1801,27,No,Travel_Rarely,Research & Development,Human Resources,Male,Manufacturing Director,1,Single,8484,No,5,3,2,0
1802,34,No,Travel_Frequently,Research & Development,Life Sciences,Male,Laboratory Technician,2,Married,3642,No,4,2,2,2
1803,43,No,Non-Travel,Research & Development,Human Resources,Male,Manufacturing Director,4,Married,7948,No,10,2,3,0
1804,25,No,Travel_Rarely,Research & Development,Human Resources,Female,Manufacturing Director,4,Married,7310,Yes,6,1,3,3
1805,46,No,Travel_Rarely,Research & Development,Marketing,Male,Manufacturing Director,4,Single,8833,No,2,3,2,1
1806,24,Yes,Travel_Frequently,Human Resources,Marketing,Male,Manager,4,Single,18808,Yes,1,4,1,1
1807,42,No,Travel_Rarely,Research & Development,Marketing,Female,Healthcare Representative,1,Single,7392,No,0,3,0,0
1808,59,No,Travel_Rarely,Research & Development,Human Resources,Female,Manufacturing Director,1,Married,7562,No,0,2,0,0
1809,48,Yes,Travel_Rarely,Research & Development,Marketing,Male,Manufacturing Director,4,Single,8630,No,11,1,1,1
1810,59,No,Travel_Rarely,Research & Development,Medical,Female,Manager,3,Divorced,18986,No,16,4,0,0
1811,46,No,Travel_Rarely,Research & Development,Technical Degree,Male,Research Scientist,2,Married,7720,No,27,1,9,1
1812,30,Yes,Travel_Rarely,Sales,Technical Degree,Male,Manager,4,Married,22206,No,3,2,3,1
1813,59,No,Travel_Rarely,Sales,Marketing,Female,Manager,4,Married,17154,Yes,3,4,1,0
1814,40,No,Travel_Rarely,Research & Development,Life Sciences,Male,Research Scientist,2,Divorced,5304,No,4,4,2,1
1815,24,No,Travel_Rarely,Research & Development,Medical,Female,Manufacturing Director,1,Divorced,7437,No,2,2,2,0
1816,37,No,Travel_Rarely,Research & Development,Medical,Male,Research Scientist,1,Divorced,6549,Yes,8,1,4,0
1817,44,No,Travel_Rarely,Sales,Other,Female,Sales Executive,1,Single,8103,Yes,7,3,2,0
1818,48,No,Non-Travel,Research & Development,Human Resources,Male,Healthcare Representative,3,Married,9449,No,3,4,3,0
1819,45,No,Travel_Frequently,Research & Development,Medical,Male,Healthcare Representative,4,Divorced,7812,No,5,1,5,1
1820,24,No,Travel_Rarely,Research & Development,Human Resources,Male,Manager,2,Single,19375,No,5,2,0,0
1821,31,No,Travel_Rarely,Research & Development,Technical Degree,Male,Manager,4,Divorced,16976,No,3,2,2,2
1822,34,Yes,Travel_Frequently,Research & Development,Technical Degree,Female,Laboratory Technician,4,Divorced,3335,No,6,4,6,0
1823,57,No,Travel_Rarely,Research & Development,Human Resources,Female,Manager,4,Married,19966,No,10,1,4,0
1824,28,No,Travel_Rarely,Research & Development,Technical Degree,Male,Research Scientist,3,Married,7068,No,9,2,8,1
1825,23,No,Travel_Rarely,Sales,Other,Female,Manager,3,Divorced,21861,No,4,4,4,2
1826,28,No,Travel_Rarely,Sales,Technical Degree,Female,Sales Executive,2,Single,6807,No,7,3,0,0
1827,27,No,Travel_Rarely,Research & Development,Marketing,Female,Manager,3,Divorced,19099,Yes,1,2,1,0
1828,44,No,Travel_Rarely,Research & Development,Technical Degree,Male,Research Director,3,Divorced,20818,No,6,4,6,6
1829,43,No,Travel_Rarely,Research & Development,Technical Degree,Male,Healthcare Representative,1,Divorced,7091,Yes,0,2,0,0
1830,33,No,Travel_Rarely,Research & Development,Life Sciences,Female,Research Director,3,Divorced,18305,No,13,1,2,0
1831,35,No,Travel_Rarely,Research & Development,Marketing,Female,Laboratory Technician,2,Single,3809,Yes,15,1,1,1
1832,23,Yes,Travel_Rarely,Research & Development,Life Sciences,Female,Manager,4,Divorced,15870,Yes,4,4,0,0
1833,26,No,Travel_Rarely,Sales,Life Sciences,Female,Sales Representative,1,Divorced,3034,No,5,4,3,0
1834,58,No,Travel_Rarely,Sales,Human Resources,Female,Manager,3,Married,25436,Yes,14,4,14,0
1835,40,No,Travel_Frequently,Research & Development,Other,Female,Laboratory Technician,4,Married,3550,No,3,1,3,0
1836,46,No,Travel_Frequently,Sales,Medical,Female,Sales Executive,2,Divorced,6304,No,11,1,0,0
1837,49,No,Travel_Rarely,Sales,Other,Male,Manager,4,Married,18689,Yes,1,2,1,1
1838,60,No,Travel_Frequently,Human Resources,Marketing,Female,Manager,3,Divorced,17676,Yes,9,3,3,2
1839,46,No,Travel_Rarely,Research & Development,Life Sciences,Male,Manufacturing Director,2,Single,11016,Yes,8,4,8,0
1840,37,No,Travel_Rarely,Research & Development,Life Sciences,Male,Manufacturing Director,2,Single,7182,No,17,4,0,0
1841,49,No,Travel_Rarely,Sales,Other,Female,Manager,4,Single,23875,No,28,2,5,5
1842,40,No,Travel_Rarely,Sales,Medical,Female,Manager,3,Divorced,16358,Yes,3,4,2,2
1843,47,No,Travel_Rarely,Sales,Life Sciences,Female,Sales Executive,1,Married,6546,No,2,2,2,2
1844,32,No,Travel_Rarely,Research & Development,Human Resources,Female,Healthcare Representative,3,Married,7653,No,2,1,2,1
1845,22,No,Travel_Frequently,Research & Development,Marketing,Male,Healthcare Representative,3,Divorced,7257,No,3,4,0,0
1846,54,No,Travel_Frequently,Sales,Technical Degree,Female,Sales Executive,2,Married,8493,Yes,15,1,4,3
1847,28,No,Travel_Rarely,Research & Development,Marketing,Male,Manager,4,Divorced,16665,No,9,1,0,0
1848,19,No,Travel_Rarely,Research & Development,Other,Female,Research Scientist,4,Divorced,4547,No,0,2,0,0
1849,31,No,Travel_Frequently,Research & Development,Marketing,Female,Laboratory Technician,2,Single,2845,No,12,3,1,0
1850,38,No,Non-Travel,Research & Development,Technical Degree,Male,Laboratory Technician,4,Married,3881,No,1,1,1,0
1851,32,No,Travel_Frequently,Research & Development,Other,Male,Manager,1,Single,17522,No,4,2,3,1
1852,50,No,Non-Travel,Research & Development,Life Sciences,Female,Research Scientist,3,Single,5218,Yes,13,4,2,2
1853,44,No,Travel_Frequently,Sales,Life Sciences,Female,Sales Representative,3,Married,2492,Yes,25,2,0,0
1854,60,No,Travel_Rarely,Sales,Life Sciences,Male,Sales Representative,2,Divorced,2371,Yes,22,4,0,0
1855,58,No,Travel_Rarely,Research & Development,Life Sciences,Male,Manufacturing Director,2,Single,8898,No,5,3,1,0
1856,44,No,Travel_Rarely,Research & Development,Medical,Female,Manufacturing Director,4,Single,9238,No,9,1,9,0
1857,52,No,Non-Travel,Research & Development,Other,Female,Research Director,4,Single,14847,No,1,4,0,0
1858,19,No,Travel_Rarely,Research & Development,Other,Male,Manager,1,Single,15391,No,0,4,0,0
1859,28,Yes,Travel_Rarely,Sales,Human Resources,Female,Sales Executive,2,Married,6443,No,2,3,0,0
1860,56,No,Travel_Rarely,Research & Development,Technical Degree,Male,Healthcare Representative,2,Single,9703,Yes,7,1,5,4
1861,28,No,Travel_Rarely,Human Resources,Other,Female,Human Resources,3,Married,5461,Yes,9,2,9,0
1862,58,No,Travel_Rarely,Human Resources,Technical Degree,Female,Manager,2,Divorced,20515,No,3,3,3,2
1863,52,Yes,Non-Travel,Sales,Human Resources,Female,Sales Representative,4,Single,2467,No,3,1,3,1
1864,47,No,Travel_Rarely,Research & Development,Medical,Male,Manufacturing Director,2,Single,9893,No,5,2,5,0
1865,52,No,Travel_Rarely,Research & Development,Life Sciences,Male,Manufacturing Director,2,Divorced,7546,No,9,2,0,0
1866,33,No,Travel_Frequently,Research & Development,Technical Degree,Female,Research Director,3,Married,24161,No,14,1,8,0
1867,49,No,Travel_Rarely,Research & Development,Other,Male,Healthcare Representative,3,Single,6290,Yes,6,2,0,0
1868,28,No,Travel_Rarely,Research & Development,Medical,Male,Laboratory Technician,2,Married,3947,No,6,4,1,1
1869,27,Yes,Travel_Rarely,Sales,Life Sciences,Female,Sales Representative,3,Divorced,3069,Yes,8,3,0,0
1870,57,No,Travel_Rarely,Sales,Life Sciences,Female,Manager,1,Married,18599,No,6,3,6,0
1871,46,No,Travel_Rarely,Sales,Other,Female,Sales Representative,1,Single,3754,No,8,1,8,2
1872,50,No,Travel_Rarely,Research & Development,Marketing,Female,Manager,3,Divorced,30091,No,18,3,18,1
1873,24,No,Travel_Rarely,Research & Development,Human Resources,Female,Manufacturing Director,3,Divorced,7701,Yes,0,1,0,0
1874,43,Yes,Travel_Frequently,Research & Development,Medical,Female,Research Director,1,Divorced,18194,Yes,9,1,9,2
1875,45,No,Travel_Rarely,Research & Development,Human Resources,Female,Research Director,1,Divorced,21443,No,16,4,7,0
1876,55,No,Non-Travel,Research & Development,Human Resources,Female,Laboratory Technician,4,Married,3154,No,1,3,1,0
1877,36,No,Travel_Rarely,Human Resources,Marketing,Male,Human Resources,2,Married,5026,Yes,5,3,0,0
1878,41,No,Travel_Rarely,Research & Development,Technical Degree,Male,Manufacturing Director,1,Married,8686,No,9,4,8,3
1879,50,No,Travel_Rarely,Sales,Other,Female,Manager,1,Divorced,21846,No,4,2,4,4
1880,58,No,Travel_Rarely,Research & Development,Other,Female,Healthcare Representative,3,Married,8113,No,11,2,1,0
1881,25,No,Travel_Frequently,Sales,Life Sciences,Male,Sales Representative,3,Divorced,3553,No,6,2,6,4
1882,20,Yes,Travel_Rarely,Sales,Medical,Male,Sales Representative,2,Divorced,2518,Yes,1,2,1,1
1883,45,No,Travel_Rarely,Research & Development,Marketing,Female,Healthcare Representative,4,Married,8668,No,8,3,8,0
1884,39,No,Travel_Rarely,Research & Development,Other,Female,Laboratory Technician,2,Divorced,3080,No,7,1,0,0
1885,33,No,Travel_Rarely,Research & Development,Technical Degree,Female,Research Director,1,Single,20794,No,12,4,7,2
1886,20,No,Travel_Rarely,Human Resources,Marketing,Female,Human Resources,3,Divorced,4223,No,1,1,1,0
1887,50,No,Travel_Rarely,Sales,Other,Female,Manager,3,Single,19981,No,5,3,5,0
1888,56,No,Travel_Rarely,Research & Development,Human Resources,Male,Manager,1,Divorced,18906,No,3,1,0,0
1889,30,No,Non-Travel,Sales,Technical Degree,Female,Manager,4,Single,19006,No,11,4,0,0
1890,25,No,Travel_Rarely,Research & Development,Human Resources,Male,Laboratory Technician,2,Married,3107,Yes,3,2,1,1
1891,52,Yes,Non-Travel,Research & Development,Technical Degree,Female,Research Scientist,1,Single,5478,No,2,1,2,0
1892,55,No,Travel_Rarely,Research & Development,Medical,Female,Research Director,3,Divorced,17164,No,4,1,0,0
1893,30,No,Travel_Frequently,Sales,Life Sciences,Female,Sales Representative,1,Divorced,3456,No,7,3,7,1
1894,29,No,Travel_Frequently,Sales,Human Resources,Male,Manager,4,Married,23511,No,10,4,4,1
1895,34,No,Travel_Frequently,Sales,Life Sciences,Female,Sales Executive,4,Divorced,6406,Yes,15,1,4,3
1896,53,No,Travel_Rarely,Research & Development,Technical Degree,Male,Manager,3,Married,20319,Yes,7,4,7,2
1897,39,No,Travel_Rarely,Sales,Life Sciences,Female,Sales Executive,1,Divorced,9144,No,8,1,5,0
1898,53,No,Travel_Rarely,Research & Development,Human Resources,Female,Research Director,3,Divorced,14238,No,1,1,1,0
1899,51,No,Travel_Frequently,Research & Development,Technical Degree,Male,Laboratory Technician,3,Divorced,3226,No,4,1,4,4
1900,21,No,Travel_Rarely,Research & Development,Medical,Female,Research Scientist,3,Married,5951,Yes,2,2,1,1
1901,57,No,Travel_Frequently,Sales,Human Resources,Female,Sales Executive,3,Married,6941,No,2,2,2,2
1902,45,No,Non-Travel,Research & Development,Technical Degree,Male,Healthcare Representative,4,Divorced,9471,Yes,4,1,4,0
1903,59,No,Travel_Rarely,Research & Development,Marketing,Female,Research Scientist,3,Divorced,4428,No,1,4,1,1
1904,44,No,Travel_Rarely,Sales,Life Sciences,Male,Sales Executive,1,Single,9637,No,17,4,12,5
1905,24,No,Travel_Rarely,Research & Development,Human Resources,Female,Laboratory Technician,1,Single,4005,No,5,2,5,0
1906,40,No,Non-Travel,Research & Development,Other,Male,Laboratory Technician,4,Single,3350,No,19,2,1,0
1907,40,No,Travel_Rarely,Sales,Marketing,Male,Sales Executive,2,Single,6279,Yes,10,2,3,3
1908,52,Yes,Travel_Rarely,Research & Development,Life Sciences,Male,Healthcare Representative,1,Married,10229,No,7,2,5,0
1909,33,No,Travel_Rarely,Research & Development,Technical Degree,Female,Research Scientist,4,Divorced,4198,No,14,3,0,0
1910,58,Yes,Travel_Rarely,Sales,Human Resources,Male,Sales Representative,3,Married,2831,No,2,2,2,2
1911,42,Yes,Travel_Frequently,Human Resources,Human Resources,Female,Human Resources,2,Single,4013,No,13,4,3,0
1912,45,No,Travel_Rarely,Human Resources,Human Resources,Male,Manager,2,Divorced,19238,No,6,2,3,3
1913,58,No,Travel_Rarely,Sales,Other,Female,Manager,4,Married,21424,No,4,2,3,3
1914,45,Yes,Travel_Rarely,Research & Development,Medical,Female,Research Director,2,Divorced,14477,No,0,4,0,0
1915,55,No,Travel_Rarely,Research & Development,Technical Degree,Female,Manufacturing Director,2,Divorced,9983,Yes,14,2,6,1
1916,52,No,Non-Travel,Research & Development,Marketing,Female,Research Director,1,Single,25569,Yes,13,3,12,2
1917,38,No,Travel_Rarely,Research & Development,Other,Male,Laboratory Technician,2,Single,3609,No,18,3,2,2
1918,53,No,Travel_Rarely,Sales,Medical,Female,Sales Executive,2,Single,7685,No,24,1,3,1
1919,43,No,Travel_Rarely,Research & Development,Life Sciences,Female,Laboratory Technician,4,Divorced,3731,No,6,2,3,2
1920,24,No,Travel_Rarely,Research & Development,Life Sciences,Female,Manufacturing Director,2,Divorced,6971,No,5,3,0,0
1921,20,No,Travel_Rarely,Human Resources,Medical,Male,Manager,1,Divorced,17407,Yes,1,4,1,1
1922,35,No,Travel_Rarely,Sales,Medical,Male,Sales Representative,1,Divorced,3196,No,5,3,3,0
1923,43,No,Travel_Rarely,Research & Development,Marketing,Male,Manufacturing Director,3,Married,8540,Yes,2,4,2,0
1924,31,Yes,Travel_Rarely,Research & Development,Medical,Male,Research Director,3,Single,19401,Yes,6,1,1,1
1925,23,Yes,Non-Travel,Sales,Human Resources,Female,Sales Representative,3,Divorced,3100,Yes,1,1,1,1
1926,25,No,Travel_Rarely,Research & Development,Human Resources,Male,Manager,1,Single,20146,No,6,1,0,0
1927,43,No,Travel_Rarely,Sales,Human Resources,Male,Sales Executive,2,Married,6601,No,3,4,3,1
1928,24,Yes,Travel_Rarely,Sales,Marketing,Male,Sales Executive,1,Single,6994,No,1,2,1,0
1929,37,No,Travel_Rarely,Research & Development,Medical,Male,Research Director,1,Single,18226,No,9,3,4,0
1930,22,No,Non-Travel,Sales,Marketing,Male,Sales Representative,1,Divorced,3210,No,3,3,3,0
1931,47,No,Travel_Rarely,Sales,Life Sciences,Female,Sales Representative,2,Married,2830,No,4,2,4,0
1932,39,No,Travel_Rarely,Research & Development,Life Sciences,Male,Healthcare Representative,2,Married,10374,No,20,4,11,7
1933,28,Yes,Travel_Rarely,Research & Development,Technical Degree,Female,Manager,2,Single,18603,Yes,5,2,0,0
1934,20,No,Travel_Rarely,Sales,Medical,Female,Sales Executive,4,Divorced,7728,Yes,1,4,1,1
1935,23,No,Travel_Rarely,Sales,Marketing,Male,Sales Executive,2,Married,6665,No,4,4,4,1
1936,58,No,Travel_Rarely,Research & Development,Technical Degree,Male,Manager,2,Single,16317,No,5,3,0,0
1937,34,No,Travel_Frequently,Research & Development,Other,Female,Healthcare Representative,4,Divorced,9146,No,2,3,2,0
1938,39,No,Travel_Frequently,Sales,Life Sciences,Female,Sales Executive,2,Divorced,8384,No,15,4,5,4
1939,28,No,Travel_Frequently,Research & Development,Medical,Female,Healthcare Representative,3,Divorced,7850,No,9,1,0,0
1940,49,No,Travel_Rarely,Sales,Marketing,Male,Sales Executive,3,Divorced,7919,No,2,3,2,0
1941,57,No,Travel_Rarely,Sales,Life Sciences,Female,Manager,4,Married,16346,No,1,4,1,1
1942,20,No,Travel_Frequently,Sales,Other,Female,Sales Representative,4,Married,2545,No,0,4,0,0
1943,48,No,Travel_Frequently,Sales,Other,Female,Sales Representative,1,Married,2605,Yes,3,1,3,1
1944,43,No,Travel_Frequently,Sales,Other,Male,Manager,1,Divorced,19976,No,7,3,5,2
1945,27,No,Travel_Rarely,Sales,Marketing,Male,Manager,1,Married,18435,Yes,6,3,6,0
1946,50,No,Travel_Rarely,Research & Development,Life Sciences,Female,Research Scientist,1,Single,5519,No,5,2,0,0
1947,54,No,Travel_Rarely,Sales,Marketing,Female,Manager,2,Divorced,17501,Yes,0,2,0,0
1948,51,No,Non-Travel,Research & Development,Technical Degree,Male,Research Scientist,1,Married,6111,No,14,2,4,2
1949,42,No,Travel_Rarely,Research & Development,Other,Female,Research Director,3,Single,17993,Yes,7,3,7,1
1950,35,No,Non-Travel,Research & Development,Life Sciences,Female,Research Director,4,Single,15266,No,4,2,2,0
1951,31,No,Travel_Rarely,Research & Development,Human Resources,Male,Laboratory Technician,3,Divorced,4348,Yes,12,3,7,0
1952,32,No,Travel_Rarely,Research & Development,Technical Degree,Male,Manufacturing Director,4,Married,7133,No,7,3,2,0
1953,37,No,Non-Travel,Research & Development,Marketing,Male,Research Director,1,Married,16982,Yes,15,1,6,5
1954,55,No,Travel_Rarely,Research & Development,Human Resources,Male,Manager,3,Married,18507,No,32,1,0,0
1955,38,Yes,Travel_Rarely,Research & Development,Life Sciences,Male,Research Scientist,1,Divorced,6056,No,1,4,1,1
1956,54,Yes,Travel_Rarely,Sales,Technical Degree,Female,Manager,4,Married,15000,No,3,4,0,0
1957,55,Yes,Travel_Rarely,Research & Development,Marketing,Male,Research Scientist,2,Single,6858,No,22,3,6,6
1958,60,No,Travel_Rarely,Research & Development,Other,Female,Research Scientist,1,Married,5123,No,0,3,0,0
1959,29,No,Travel_Rarely,Research & Development,Marketing,Female,Research Director,4,Married,18956,No,4,2,4,2
1960,50,No,Travel_Rarely,Research & Development,Other,Male,Laboratory Technician,3,Single,3112,Yes,11,4,3,3
1961,28,No,Travel_Rarely,Research & Development,Technical Degree,Male,Manager,2,Divorced,17760,No,9,4,4,3
1962,25,No,Travel_Rarely,Research & Development,Human Resources,Female,Research Director,3,Divorced,19537,No,6,4,1,1
1963,44,No,Travel_Rarely,Research & Development,Medical,Male,Research Director,4,Divorced,19055,Yes,2,2,2,1
1964,28,Yes,Travel_Rarely,Research & Development,Life Sciences,Female,Healthcare Representative,1,Single,10268,No,9,2,7,0
1965,23,No,Non-Travel,Sales,Medical,Female,Manager,3,Married,20308,No,0,3,0,0
1966,59,No,Non-Travel,Research & Development,Life Sciences,Female,Healthcare Representative,4,Divorced,6371,No,9,4,0,0
1967,50,No,Travel_Rarely,Research & Development,Human Resources,Male,Manufacturing Director,1,Married,8714,Yes,31,1,2,2
1968,34,Yes,Travel_Rarely,Research & Development,Medical,Male,Manufacturing Director,4,Divorced,8416,No,9,1,3,0
1969,30,No,Non-Travel,Research & Development,Technical Degree,Female,Research Director,1,Single,22723,No,6,4,6,0
1970,40,No,Travel_Rarely,Sales,Life Sciences,Female,Manager,4,Single,17721,No,5,2,5,5
1971,56,No,Travel_Rarely,Sales,Other,Male,Manager,2,Married,19498,No,18,2,1,1
1972,46,No,Travel_Rarely,Research & Development,Technical Degree,Male,Manager,3,Single,18441,Yes,0,4,0,0
1973,41,No,Non-Travel,Sales,Technical Degree,Female,Manager,1,Divorced,23034,Yes,6,2,4,0
1974,30,No,Travel_Rarely,Sales,Other,Male,Sales Executive,4,Single,5985,No,8,1,0,0
1975,56,No,Travel_Rarely,Research & Development,Technical Degree,Female,Manufacturing Director,2,Single,7512,Yes,7,2,2,2
1976,54,No,Travel_Rarely,Sales,Life Sciences,Male,Sales Representative,1,Single,2670,Yes,10,4,4,3
1977,59,Yes,Travel_Frequently,Research & Development,Human Resources,Female,Healthcare Representative,4,Married,6670,No,4,1,1,0
1978,27,No,Travel_Rarely,Research & Development,Life Sciences,Female,Laboratory Technician,2,Divorced,3842,No,6,3,6,1
1979,54,No,Travel_Rarely,Sales,Other,Female,Sales Executive,4,Married,6984,No,0,3,0,0
1980,51,No,Travel_Rarely,Research & Development,Human Resources,Female,Healthcare Representative,2,Married,9458,No,6,4,6,3
1981,59,No,Travel_Rarely,Research & Development,Marketing,Female,Research Director,3,Single,18498,No,0,2,0,0
1982,45,No,Travel_Rarely,Research & Development,Marketing,Female,Research Director,3,Single,16193,No,3,2,3,2
1983,52,No,Travel_Rarely,Research & Development,Technical Degree,Female,Research Director,3,Single,17777,Yes,1,2,1,1
1984,36,Yes,Travel_Rarely,Research & Development,Medical,Female,Manager,4,Married,17849,Yes,17,4,3,0
1985,56,No,Travel_Rarely,Research & Development,Technical Degree,Female,Research Director,4,Single,17200,No,17,1,4,1
1986,42,No,Travel_Rarely,Sales,Human Resources,Female,Sales Executive,2,Single,8470,Yes,14,1,14,0
1987,55,No,Travel_Rarely,Sales,Marketing,Male,Manager,2,Single,18951,No,0,3,0,0
1988,39,No,Non-Travel,Sales,Other,Female,Manager,2,Married,17519,No,14,1,1,1
1989,45,No,Travel_Rarely,Sales,Other,Female,Sales Executive,2,Married,6334,Yes,2,3,2,0
1990,24,No,Travel_Rarely,Sales,Human Resources,Female,Sales Executive,1,Married,8337,No,5,3,3,0
1991,40,No,Travel_Rarely,Research & Development,Technical Degree,Male,Research Director,1,Single,20214,No,3,4,3,1
1992,36,No,Non-Travel,Research & Development,Life Sciences,Female,Healthcare Representative,2,Divorced,8394,No,2,1,2,0
1993,20,No,Travel_Rarely,Research & Development,Medical,Male,Healthcare Representative,3,Divorced,6749,Yes,1,3,1,1
1994,52,No,Non-Travel,Research & Development,Other,Male,Research Director,2,Married,21663,No,16,1,11,7
1995,47,Yes,Travel_Rarely,Sales,Life Sciences,Male,Sales Representative,2,Divorced,3002,Yes,1,1,0,0
1996,30,No,Travel_Frequently,Research & Development,Marketing,Male,Manager,1,Divorced,17272,Yes,3,1,3,1
1997,54,No,Non-Travel,Sales,Life Sciences,Male,Sales Representative,2,Married,3807,Yes,14,3,7,0
1998,49,Yes,Travel_Rarely,Sales,Life Sciences,Male,Sales Executive,2,Single,7422,No,1,4,0,0
1999,23,No,Travel_Rarely,Research & Development,Other,Female,Research Scientist,4,Divorced,5072,No,4,4,0,0
2000,44,No,Travel_Rarely,Research & Development,Marketing,Female,Manager,2,Single,20119,No,13,1,4,1
2001,43,No,Travel_Rarely,Research & Development,Human Resources,Male,Healthcare Representative,2,Divorced,7280,Yes,4,4,2,0
2002,34,No,Travel_Rarely,Research & Development,Technical Degree,Male,Healthcare Representative,3,Single,7188,No,1,2,1,1
2003,37,No,Non-Travel,Human Resources,Other,Female,Human Resources,3,Single,5215,No,4,3,2,2
2004,23,Yes,Travel_Rarely,Research & Development,Medical,Female,Healthcare Representative,3,Single,6954,No,4,1,1,1
2005,58,No,Travel_Rarely,Research & Development,Other,Male,Manufacturing Director,4,Divorced,7443,No,6,4,5,0
2006,55,No,Travel_Rarely,Research & Development,Medical,Male,Manager,3,Divorced,24383,No,7,2,7,0
2007,33,No,Travel_Rarely,Research & Development,Marketing,Male,Healthcare Representative,2,Single,6793,No,0,4,0,0
2008,21,Yes,Travel_Frequently,Human Resources,Technical Degree,Female,Human Resources,4,Divorced,4556,No,2,1,2,0
2009,49,No,Travel_Rarely,Research & Development,Human Resources,Female,Manufacturing Director,3,Divorced,8773,No,30,2,1,1
2010,33,No,Travel_Frequently,Research & Development,Marketing,Female,Laboratory Technician,4,Single,4168,No,14,1,3,0
2011,33,No,Non-Travel,Research & Development,Technical Degree,Female,Research Director,3,Married,16767,Yes,14,4,1,1
2012,58,No,Travel_Rarely,Sales,Life Sciences,Female,Sales Executive,4,Married,7549,No,6,2,6,0
2013,50,No,Travel_Frequently,Sales,Medical,Female,Sales Executive,3,Single,7824,No,21,2,4,4
2014,43,No,Travel_Rarely,Research & Development,Life Sciences,Female,Research Director,1,Single,17729,Yes,19,2,0,0
2015,42,Yes,Travel_Rarely,Sales,Other,Male,Sales Representative,3,Single,3900,Yes,11,3,11,2
2016,29,No,Travel_Frequently,Research & Development,Technical Degree,Female,Laboratory Technician,1,Single,4076,No,10,3,10,1
2017,51,No,Travel_Rarely,Research & Development,Other,Female,Manager,4,Married,15331,No,1,4,1,1
2018,45,Yes,Travel_Rarely,Research & Development,Life Sciences,Male,Healthcare Representative,2,Single,7339,No,16,2,1,1
2019,27,Yes,Travel_Rarely,Sales,Human Resources,Female,Sales Representative,4,Divorced,2835,No,1,4,0,0
2020,60,Yes,Travel_Frequently,Sales,Technical Degree,Female,Sales Representative,3,Divorced,2270,Yes,0,4,0,0
2021,47,No,Travel_Frequently,Human Resources,Medical,Female,Manager,2,Married,17763,No,1,1,1,1
2022,28,Yes,Travel_Rarely,Sales,Life Sciences,Female,Sales Representative,2,Divorced,2660,Yes,0,4,0,0
2023,42,No,Travel_Rarely,Research & Development,Other,Male,Research Director,3,Married,19027,Yes,4,4,0,0
2024,21,No,Non-Travel,Research & Development,Human Resources,Male,Manager,3,Married,19113,No,2,1,2,1
2025,48,No,Travel_Rarely,Research & Development,Human Resources,Female,Healthcare Representative,3,Married,8349,No,24,1,5,0
2026,33,Yes,Travel_Frequently,Sales,Human Resources,Female,Manager,3,Divorced,17009,No,0,4,0,0
2027,56,No,Travel_Frequently,Research & Development,Medical,Male,Healthcare Representative,3,Divorced,7051,Yes,2,2,2,0
2028,60,No,Travel_Rarely,Research & Development,Technical Degree,Male,Manufacturing Director,3,Divorced,9184,No,2,3,2,0
2029,37,Yes,Travel_Frequently,Sales,Marketing,Male,Sales Executive,1,Single,6277,No,3,2,3,1
2030,26,No,Travel_Rarely,Research & Development,Marketing,Male,Manufacturing Director,1,Married,9087,No,6,3,6,1
2031,35,No,Travel_Frequently,Research & Development,Other,Male,Research Director,2,Married,27020,No,12,2,12,1
2032,20,Yes,Travel_Frequently,Human Resources,Human Resources,Female,Manager,2,Divorced,15777,No,1,2,1,1
2033,33,No,Travel_Rarely,Research & Development,Life Sciences,Female,Research Scientist,3,Single,7630,No,14,2,14,3
2034,20,Yes,Travel_Frequently,Sales,Life Sciences,Male,Sales Representative,4,Divorced,2678,No,1,1,1,1
2035,54,No,Travel_Frequently,Sales,Technical Degree,Female,Sales Representative,3,Single,3459,Yes,35,2,7,0
2036,38,No,Travel_Rarely,Research & Development,Marketing,Male,Research Scientist,4,Married,7511,No,10,1,10,2
2037,45,Yes,Travel_Frequently,Sales,Marketing,Female,Sales Representative,1,Married,2857,No,0,3,0,0
2038,55,No,Travel_Rarely,Research & Development,Human Resources,Female,Laboratory Technician,1,Single,3241,No,2,3,2,0
2039,38,No,Non-Travel,Research & Development,Life Sciences,Female,Research Scientist,1,Married,5112,Yes,19,1,3,2
2040,35,No,Travel_Rarely,Research & Development,Human Resources,Male,Research Scientist,1,Single,4750,No,1,1,1,1
2041,51,No,Travel_Rarely,Research & Development,Life Sciences,Female,Manager,2,Single,21280,No,2,4,2,2
2042,31,No,Travel_Rarely,Research & Development,Life Sciences,Female,Healthcare Representative,3,Married,9428,No,12,2,2,0
2043,19,Yes,Travel_Rarely,Research & Development,Life Sciences,Male,Healthcare Representative,1,Single,6945,Yes,0,2,0,0
2044,23,No,Travel_Rarely,Research & Development,Marketing,Male,Manager,1,Married,20395,No,4,1,0,0
2045,60,No,Travel_Rarely,Sales,Medical,Male,Manager,4,Married,24274,No,15,2,12,0
2046,34,No,Travel_Rarely,Research & Development,Medical,Female,Manager,1,Single,19526,No,6,4,6,1
2047,37,No,Travel_Rarely,Research & Development,Technical Degree,Male,Laboratory Technician,3,Divorced,3977,No,3,3,3,0
2048,43,No,Travel_Rarely,Research & Development,Other,Male,Healthcare Representative,4,Single,7332,No,3,2,3,1
2049,52,Yes,Travel_Rarely,Sales,Marketing,Female,Sales Representative,1,Single,2679,No,2,1,0,0
2050,54,No,Travel_Frequently,Research & Development,Marketing,Female,Manager,1,Divorced,23699,No,19,2,5,5
2051,31,No,Travel_Rarely,Research & Development,Other,Female,Healthcare Representative,2,Single,7907,No,2,4,2,2
2052,31,No,Travel_Rarely,Research & Development,Other,Male,Research Director,4,Divorced,16690,No,12,2,2,2
2053,27,No,Non-Travel,Sales,Medical,Male,Manager,4,Married,18299,No,2,2,2,0
2054,19,No,Travel_Frequently,Sales,Other,Male,Sales Representative,1,Single,2795,No,0,3,0,0
2055,53,No,Travel_Rarely,Research & Development,Medical,Female,Research Director,1,Married,23666,Yes,13,4,13,0
2056,56,No,Travel_Rarely,Sales,Human Resources,Male,Manager,2,Divorced,20129,No,2,1,2,0
2057,29,Yes,Travel_Rarely,Sales,Medical,Male,Sales Executive,1,Single,7407,Yes,2,4,0,0
2058,32,No,Travel_Rarely,Research & Development,Medical,Female,Manager,2,Single,22395,No,4,4,4,2
2059,45,No,Travel_Rarely,Research & Development,Human Resources,Female,Manager,2,Married,16089,Yes,1,3,1,0
2060,53,No,Travel_Rarely,Sales,Human Resources,Male,Manager,3,Single,16204,No,10,3,1,1
2061,53,No,Non-Travel,Research & Development,Human Resources,Male,Healthcare Representative,1,Single,8353,Yes,6,4,0,0
2062,33,No,Non-Travel,Research & Development,Life Sciences,Female,Research Director,1,Married,19050,No,14,3,1,0
2063,30,No,Travel_Rarely,Research & Development,Life Sciences,Female,Laboratory Technician,1,Divorced,2876,No,0,2,0,0
2064,39,No,Non-Travel,Research & Development,Human Resources,Male,Research Scientist,1,Single,5740,Yes,6,1,6,6
2065,59,No,Travel_Rarely,Research & Development,Human Resources,Male,Manager,3,Divorced,20357,Yes,8,1,0,0
2066,39,No,Travel_Rarely,Sales,Other,Female,Sales Representative,1,Married,2797,No,4,2,0,0
2067,28,Yes,Travel_Rarely,Research & Development,Other,Male,Research Scientist,4,Single,5710,No,1,4,1,1
2068,43,No,Travel_Rarely,Research & Development,Marketing,Male,Laboratory Technician,1,Married,3528,No,4,2,2,0
2069,42,No,Non-Travel,Research & Development,Medical,Female,Research Scientist,4,Divorced,5605,No,3,1,1,1
2070,48,Yes,Travel_Frequently,Research & Development,Marketing,Male,Research Director,2,Single,22482,No,9,2,9,0
2071,52,No,Travel_Rarely,Research & Development,Medical,Male,Manufacturing Director,2,Married,6435,No,1,4,1,1
2072,52,No,Travel_Rarely,Research & Development,Human Resources,Female,Laboratory Technician,3,Married,3838,Yes,10,2,3,0
2073,34,No,Travel_Rarely,Sales,Marketing,Male,Sales Executive,1,Married,9175,No,15,3,8,0
2074,37,No,Travel_Rarely,Research & Development,Medical,Female,Healthcare Representative,1,Married,10270,No,18,2,5,0
2075,37,No,Travel_Rarely,Research & Development,Other,Male,Laboratory Technician,3,Single,3711,No,2,3,2,2
2076,34,No,Travel_Frequently,Research & Development,Marketing,Male,Manufacturing Director,4,Married,9934,No,8,1,4,0
2077,37,No,Travel_Frequently,Research & Development,Life Sciences,Female,Research Scientist,3,Divorced,5860,No,2,3,2,0
2078,25,No,Travel_Rarely,Sales,Life Sciences,Male,Sales Executive,1,Married,6586,No,0,2,0,0
2079,60,No,Travel_Frequently,Sales,Life Sciences,Female,Sales Representative,4,Divorced,3092,No,3,3,1,1
2080,52,No,Non-Travel,Research & Development,Life Sciences,Male,Research Director,1,Divorced,18193,No,22,3,0,0
2081,34,No,Travel_Frequently,Research & Development,Other,Male,Research Scientist,1,Married,5369,No,11,4,2,2
2082,27,No,Travel_Rarely,Research & Development,Medical,Male,Manufacturing Director,3,Married,8270,No,8,1,0,0
2083,20,Yes,Travel_Frequently,Research & Development,Marketing,Female,Manufacturing Director,2,Married,6873,No,1,1,1,1
2084,35,No,Travel_Rarely,Research & Development,Marketing,Male,Research Scientist,1,Married,5813,No,16,3,7,3
2085,46,No,Travel_Rarely,Research & Development,Life Sciences,Male,Healthcare Representative,1,Married,8369,No,27,1,8,1
2086,24,No,Travel_Frequently,Research & Development,Medical,Female,Research Director,2,Married,20486,Yes,5,1,5,0
2087,51,No,Travel_Rarely,Research & Development,Marketing,Female,Healthcare Representative,2,Divorced,8743,No,7,2,3,0
2088,34,No,Travel_Rarely,Human Resources,Other,Male,Human Resources,2,Married,5545,No,3,4,3,3
2089,60,No,Travel_Rarely,Sales,Other,Male,Sales Executive,1,Married,8028,No,4,3,4,0
2090,20,No,Travel_Rarely,Sales,Human Resources,Female,Sales Executive,4,Divorced,7619,No,1,4,1,0
2091,48,No,Travel_Rarely,Research & Development,Life Sciences,Female,Research Director,2,Single,17987,No,0,2,0,0
2092,55,No,Travel_Rarely,Research & Development,Technical Degree,Female,Manufacturing Director,2,Divorced,8747,Yes,9,3,9,0
2093,45,No,Travel_Rarely,Research & Development,Medical,Male,Research Scientist,4,Married,4430,No,9,1,0,0
2094,33,No,Travel_Rarely,Research & Development,Marketing,Male,Manager,2,Married,18885,No,7,1,1,1
2095,28,No,Travel_Rarely,Human Resources,Medical,Female,Human Resources,4,Divorced,4246,No,9,3,5,1
2096,43,No,Travel_Rarely,Sales,Human Resources,Male,Manager,4,Single,21591,Yes,8,1,2,1
2097,55,No,Travel_Rarely,Research & Development,Marketing,Female,Manufacturing Director,2,Divorced,9530,No,4,2,4,0
2098,29,No,Travel_Rarely,Research & Development,Life Sciences,Female,Research Scientist,4,Divorced,5823,No,6,1,1,0
2099,31,Yes,Non-Travel,Sales,Human Resources,Male,Sales Executive,1,Divorced,7991,Yes,12,3,2,2
2100,45,No,Travel_Rarely,Research & Development,Medical,Female,Healthcare Representative,2,Married,11839,No,14,1,11,1
2101,47,No,Travel_Rarely,Sales,Other,Male,Sales Representative,4,Married,2960,No,5,4,1,0
2102,50,Yes,Travel_Rarely,Sales,Other,Female,Sales Executive,1,Single,10293,No,12,3,10,5
2103,31,No,Travel_Frequently,Human Resources,Technical Degree,Male,Human Resources,2,Married,4939,No,6,3,0,0
2104,48,Yes,Travel_Rarely,Research & Development,Technical Degree,Male,Research Scientist,1,Divorced,4446,Yes,0,4,0,0
2105,27,No,Travel_Rarely,Human Resources,Life Sciences,Male,Manager,3,Divorced,19247,Yes,6,3,4,4
2106,44,No,Non-Travel,Research & Development,Life Sciences,Female,Laboratory Technician,4,Married,3202,No,3,2,0,0
2107,48,No,Travel_Frequently,Research & Development,Other,Male,Laboratory Technician,1,Single,4269,Yes,13,4,4,1
2108,52,No,Travel_Rarely,Research & Development,Medical,Male,Manufacturing Director,4,Single,7816,No,26,2,3,1
2109,53,No,Travel_Frequently,Research & Development,Other,Female,Laboratory Technician,1,Married,3184,No,11,4,2,0
2110,48,No,Travel_Rarely,Research & Development,Life Sciences,Female,Research Scientist,2,Divorced,5016,No,6,1,0,0
2111,29,No,Travel_Rarely,Sales,Other,Female,Manager,3,Single,16123,No,1,1,1,0
2112,55,No,Travel_Rarely,Research & Development,Other,Male,Healthcare Representative,3,Divorced,8717,Yes,1,4,0,0
2113,36,No,Travel_Frequently,Research & Development,Life Sciences,Male,Manager,2,Divorced,20689,No,2,1,2,1
2114,57,No,Travel_Rarely,Research & Development,Technical Degree,Female,Healthcare Representative,1,Single,8248,No,12,1,1,1
2115,24,No,Travel_Rarely,Research & Development,Technical Degree,Female,Healthcare Representative,2,Married,7586,No,4,1,1,1
2116,23,No,Travel_Rarely,Research & Development,Medical,Male,Research Director,4,Married,19400,No,4,4,4,1
2117,50,No,Travel_Rarely,Research & Development,Human Resources,Female,Laboratory Technician,2,Single,3076,No,31,2,0,0
2118,43,No,Travel_Rarely,Research & Development,Marketing,Female,Manufacturing Director,3,Married,8731,Yes,4,2,4,2
2119,44,No,Travel_Rarely,Sales,Human Resources,Female,Manager,2,Married,21652,No,6,2,3,0
2120,31,No,Travel_Rarely,Research & Development,Marketing,Female,Laboratory Technician,3,Single,3530,No,7,2,7,1
2121,43,No,Travel_Rarely,Research & Development,Other,Male,Manufacturing Director,3,Divorced,7980,No,1,1,1,1
2122,42,No,Travel_Rarely,Research & Development,Human Resources,Female,Manufacturing Director,1,Married,8648,No,0,3,0,0
2123,38,No,Travel_Frequently,Sales,Medical,Male,Sales Executive,1,Single,6690,No,9,4,0,0
2124,40,No,Travel_Rarely,Research & Development,Marketing,Female,Manager,3,Single,20356,Yes,8,3,1,0
2125,30,No,Travel_Rarely,Sales,Marketing,Male,Manager,2,Single,19932,No,4,4,4,3
2126,28,No,Non-Travel,Human Resources,Other,Male,Manager,3,Divorced,24613,No,9,2,6,0
2127,54,Yes,Travel_Rarely,Research & Development,Medical,Female,Healthcare Representative,3,Divorced,7528,Yes,0,4,0,0
2128,45,No,Travel_Rarely,Research & Development,Medical,Male,Healthcare Representative,4,Married,7601,No,0,3,0,0
2129,40,No,Travel_Rarely,Research & Development,Other,Female,Research Director,3,Single,24938,No,21,3,13,0
2130,58,No,Travel_Rarely,Research & Development,Marketing,Female,Manufacturing Director,1,Divorced,12407,No,24,1,20,3
2131,33,Yes,Travel_Rarely,Sales,Life Sciences,Female,Manager,3,Married,19591,No,0,3,0,0
2132,32,No,Travel_Rarely,Research & Development,Human Resources,Female,Research Director,4,Single,19248,No,10,4,3,2
2133,33,No,Travel_Rarely,Research & Development,Other,Male,Manager,1,Married,22266,No,5,2,5,3
2134,52,No,Travel_Rarely,Sales,Medical,Male,Sales Executive,1,Divorced,7877,Yes,2,2,2,2
2135,22,Yes,Travel_Rarely,Sales,Medical,Female,Sales Executive,4,Married,6081,Yes,3,3,0,0
2136,48,Yes,Travel_Frequently,Research & Development,Medical,Male,Research Scientist,3,Married,5134,Yes,1,4,1,0
2137,51,Yes,Travel_Rarely,Sales,Medical,Female,Sales Executive,1,Single,8857,No,16,4,11,2
2138,23,Yes,Travel_Rarely,Research & Development,Medical,Male,Laboratory Technician,2,Divorced,3646,Yes,4,1,1,1
2139,45,No,Travel_Rarely,Human Resources,Medical,Male,Human Resources,3,Single,7734,No,21,2,18,2
2140,34,No,Travel_Rarely,Research & Development,Technical Degree,Female,Manufacturing Director,1,Single,9727,No,15,4,11,1
2141,37,Yes,Travel_Frequently,Sales,Technical Degree,Female,Sales Representative,4,Single,2997,No,2,1,0,0
2142,47,No,Travel_Rarely,Sales,Human Resources,Female,Sales Executive,4,Single,7574,No,0,1,0,0
2143,52,No,Travel_Rarely,Research & Development,Medical,Male,Research Director,4,Single,17815,Yes,2,1,0,0
2144,50,No,Travel_Rarely,Sales,Human Resources,Female,Manager,3,Divorced,23330,No,9,2,9,4
2145,34,Yes,Travel_Frequently,Research & Development,Marketing,Male,Laboratory Technician,1,Married,4042,No,10,2,3,0
2146,55,No,Travel_Frequently,Research & Development,Human Resources,Male,Research Director,1,Divorced,20422,No,3,1,3,0
2147,20,No,Non-Travel,Human Resources,Technical Degree,Male,Manager,2,Single,19844,No,0,1,0,0
2148,24,No,Travel_Rarely,Research & Development,Human Resources,Female,Healthcare Representative,2,Married,7930,No,5,1,0,0
2149,27,Yes,Travel_Rarely,Research & Development,Other,Male,Manager,2,Married,15157,Yes,0,2,0,0
2150,52,No,Non-Travel,Sales,Medical,Male,Sales Representative,2,Divorced,4137,No,14,4,14,0
2151,38,No,Travel_Rarely,Sales,Life Sciences,Female,Manager,4,Single,16317,Yes,14,2,0,0
2152,43,No,Travel_Frequently,Sales,Human Resources,Male,Sales Representative,4,Single,2947,No,1,1,1,1
2153,57,No,Travel_Rarely,Research & Development,Medical,Female,Research Director,4,Married,20761,No,4,1,4,1
2154,42,No,Non-Travel,Research & Development,Technical Degree,Male,Research Director,2,Married,20907,Yes,4,1,4,0
2155,29,No,Travel_Rarely,Sales,Other,Male,Manager,1,Married,17808,No,6,4,4,0
2156,37,No,Travel_Rarely,Sales,Marketing,Male,Sales Executive,1,Single,7783,No,7,2,7,0
2157,58,No,Travel_Rarely,Sales,Marketing,Female,Sales Executive,4,Divorced,7762,No,4,3,4,4
2158,42,No,Travel_Rarely,Research & Development,Life Sciences,Male,Manufacturing Director,3,Divorced,7565,No,3,4,3,3
2159,51,No,Travel_Rarely,Sales,Life Sciences,Female,Sales Executive,4,Single,7452,No,1,4,1,1
2160,53,No,Travel_Rarely,Research & Development,Technical Degree,Male,Research Scientist,1,Single,4793,Yes,0,3,0,0
2161,47,No,Travel_Frequently,Research & Development,Marketing,Female,Healthcare Representative,3,Married,7150,No,1,3,0,0
2162,30,No,Travel_Frequently,Sales,Technical Degree,Female,Sales Representative,3,Married,2697,No,1,4,1,0
2163,54,No,Travel_Rarely,Sales,Technical Degree,Female,Sales Executive,4,Single,7509,Yes,0,3,0,0
2164,23,No,Travel_Frequently,Sales,Marketing,Female,Manager,4,Divorced,19926,Yes,4,4,4,2
2165,26,No,Non-Travel,Research & Development,Other,Male,Research Scientist,3,Divorced,4378,Yes,0,2,0,0
2166,59,No,Travel_Rarely,Research & Development,Other,Male,Manager,2,Divorced,21901,No,11,1,5,0
2167,50,No,Travel_Rarely,Sales,Human Resources,Male,Manager,2,Married,22738,No,26,4,3,1
2168,37,No,Travel_Frequently,Research & Development,Medical,Male,Research Director,4,Single,14936,No,1,4,1,1
2169,30,No,Travel_Rarely,Research & Development,Life Sciences,Female,Healthcare Representative,1,Single,8368,No,2,4,2,1
2170,27,Yes,Travel_Rarely,Research & Development,Medical,Male,Manager,1,Divorced,19555,No,0,4,0,0
2171,35,No,Travel_Rarely,Research & Development,Life Sciences,Female,Manager,4,Single,20301,No,0,2,0,0
2172,51,No,Travel_Frequently,Research & Development,Medical,Male,Research Director,4,Single,21626,No,9,3,9,5
2173,52,Yes,Travel_Rarely,Research & Development,Life Sciences,Female,Manufacturing Director,1,Divorced,9125,No,7,2,7,1
2174,39,No,Non-Travel,Sales,Human Resources,Male,Sales Representative,4,Single,2976,No,6,1,0,0
2175,56,No,Travel_Rarely,Research & Development,Life Sciences,Female,Healthcare Representative,4,Single,8010,No,3,4,1,1
2176,26,No,Non-Travel,Research & Development,Human Resources,Male,Laboratory Technician,2,Married,3417,No,2,2,2,2
2177,25,No,Travel_Rarely,Research & Development,Technical Degree,Female,Manufacturing Director,3,Divorced,9128,No,6,1,3,3
2178,34,No,Travel_Rarely,Research & Development,Marketing,Male,Research Director,4,Married,21424,No,12,1,12,1
2179,56,No,Travel_Rarely,Sales,Other,Male,Sales Representative,2,Divorced,3650,Yes,14,3,10,1
2180,27,Yes,Travel_Rarely,Sales,Life Sciences,Male,Sales Representative,1,Married,3435,No,8,4,3,0
2181,56,No,Travel_Rarely,Sales,Life Sciences,Male,Sales Executive,2,Single,12441,No,22,2,22,0
2182,19,No,Non-Travel,Research & Development,Marketing,Female,Healthcare Representative,3,Married,6949,No,0,1,0,0
2183,26,No,Travel_Rarely,Research & Development,Technical Degree,Female,Manufacturing Director,4,Divorced,9321,No,7,4,3,2
2184,27,No,Travel_Rarely,Sales,Other,Male,Manager,1,Single,21045,Yes,8,4,5,1
2185,36,No,Travel_Rarely,Sales,Other,Female,Sales Representative,4,Divorced,2838,No,5,4,5,0
2186,34,No,Travel_Rarely,Research & Development,Other,Female,Research Director,3,Married,19596,No,12,1,5,2
2187,26,No,Travel_Rarely,Research & Development,Technical Degree,Male,Research Scientist,3,Married,4474,No,1,2,0,0
2188,24,No,Travel_Rarely,Sales,Medical,Female,Sales Representative,4,Divorced,3234,No,5,2,5,0
2189,51,No,Non-Travel,Research & Development,Other,Female,Research Scientist,3,Single,5152,Yes,8,2,2,1
2190,43,Yes,Travel_Rarely,Sales,Technical Degree,Female,Sales Representative,4,Single,3098,No,11,1,1,1
2191,39,No,Travel_Rarely,Sales,Medical,Male,Sales Representative,3,Married,2695,No,5,3,2,2
2192,35,Yes,Travel_Rarely,Sales,Human Resources,Female,Sales Representative,3,Divorced,4242,Yes,16,1,12,3
2193,22,No,Travel_Rarely,Research & Development,Technical Degree,Female,Laboratory Technician,2,Married,3678,Yes,0,4,0,0
2194,58,No,Non-Travel,Research & Development,Life Sciences,Male,Manufacturing Director,3,Single,6922,No,0,4,0,0
2195,44,No,Travel_Rarely,Research & Development,Life Sciences,Female,Research Director,3,Married,16754,Yes,6,4,4,1
2196,45,No,Travel_Rarely,Sales,Marketing,Male,Manager,2,Divorced,23792,Yes,15,1,11,2
2197,40,No,Non-Travel,Research & Development,Marketing,Male,Healthcare Representative,3,Married,7799,No,2,2,2,1
2198,54,Yes,Travel_Frequently,Sales,Technical Degree,Female,Manager,3,Married,16709,No,11,1,1,0
2199,60,No,Travel_Rarely,Research & Development,Technical Degree,Female,Manufacturing Director,2,Divorced,10121,Yes,6,2,6,4
2200,50,No,Travel_Rarely,Research & Development,Human Resources,Male,Manager,2,Married,17778,No,11,2,5,3
2201,54,No,Non-Travel,Sales,Technical Degree,Male,Sales Executive,1,Single,9156,No,7,1,6,3
2202,59,No,Travel_Rarely,Sales,Medical,Female,Manager,2,Single,21948,No,2,3,2,2
2203,21,No,Travel_Rarely,Research & Development,Marketing,Male,Research Scientist,4,Married,5815,No,2,4,2,2
2204,36,No,Travel_Frequently,Research & Development,Technical Degree,Male,Laboratory Technician,2,Married,3223,No,2,3,2,2
2205,25,No,Travel_Rarely,Research & Development,Other,Female,Research Director,1,Divorced,18082,No,0,2,0,0
2206,55,No,Travel_Rarely,Research & Development,Marketing,Female,Research Director,1,Divorced,22973,No,8,3,8,1
2207,25,No,Non-Travel,Research & Development,Medical,Male,Healthcare Representative,4,Divorced,8028,Yes,3,3,3,0
2208,47,No,Travel_Frequently,Research & Development,Medical,Male,Research Director,4,Single,14674,No,1,1,1,1
2209,22,No,Travel_Rarely,Research & Development,Life Sciences,Male,Research Director,2,Single,15929,Yes,3,2,3,0
2210,48,Yes,Travel_Rarely,Research & Development,Other,Male,Healthcare Representative,4,Married,7605,No,5,4,0,0
2211,24,No,Travel_Rarely,Sales,Marketing,Female,Sales Representative,1,Divorced,2998,No,3,1,3,0
2212,39,No,Non-Travel,Research & Development,Technical Degree,Male,Laboratory Technician,2,Single,4035,No,3,1,3,1
2213,40,No,Travel_Rarely,Research & Development,Human Resources,Female,Manufacturing Director,4,Married,7514,Yes,21,4,5,1
2214,19,Yes,Travel_Rarely,Sales,Technical Degree,Female,Sales Executive,2,Single,7498,No,0,3,0,0
2215,36,No,Travel_Rarely,Research & Development,Marketing,Male,Research Director,4,Married,15121,No,14,4,3,1
2216,55,No,Travel_Rarely,Research & Development,Human Resources,Female,Research Director,1,Divorced,18625,No,9,4,1,1
2217,42,Yes,Travel_Frequently,Sales,Life Sciences,Male,Sales Executive,1,Married,8226,No,16,2,3,0
2218,48,No,Non-Travel,Research & Development,Other,Female,Manufacturing Director,1,Single,9785,Yes,18,1,5,1
2219,42,No,Travel_Rarely,Human Resources,Other,Male,Manager,2,Single,18610,No,4,4,2,2
2220,60,Yes,Travel_Rarely,Sales,Technical Degree,Female,Manager,2,Divorced,18821,No,8,2,1,1
2221,22,No,Travel_Rarely,Research & Development,Marketing,Female,Healthcare Representative,2,Married,7706,No,3,1,3,3
2222,39,No,Travel_Frequently,Research & Development,Life Sciences,Male,Research Scientist,4,Single,5878,Yes,5,1,4,0
2223,40,No,Travel_Frequently,Research & Development,Other,Female,Laboratory Technician,4,Divorced,3474,Yes,5,2,5,1
2224,19,No,Travel_Rarely,Research & Development,Medical,Female,Manufacturing Director,3,Single,8536,No,0,4,0,0
2225,42,Yes,Travel_Rarely,Research & Development,Marketing,Male,Research Director,1,Divorced,18880,No,0,1,0,0
2226,25,No,Non-Travel,Sales,Technical Degree,Male,Sales Representative,3,Divorced,3144,No,6,2,6,0
2227,21,No,Travel_Rarely,Sales,Marketing,Female,Sales Executive,1,Single,7568,Yes,2,3,2,1
2228,55,No,Travel_Rarely,Research & Development,Life Sciences,Female,Laboratory Technician,3,Divorced,3269,No,7,3,3,1
2229,51,No,Travel_Rarely,Sales,Life Sciences,Male,Manager,1,Married,29189,No,25,1,22,0
2230,58,No,Travel_Frequently,Research & Development,Medical,Female,Manager,3,Single,23490,Yes,5,4,5,0
2231,44,No,Travel_Rarely,Research & Development,Other,Male,Research Scientist,2,Divorced,9063,No,19,3,19,1
2232,39,No,Travel_Rarely,Sales,Life Sciences,Female,Sales Executive,2,Married,8121,No,16,1,2,2
2233,22,No,Travel_Rarely,Research & Development,Other,Female,Manager,2,Married,16687,No,3,1,3,0
2234,59,No,Non-Travel,Sales,Other,Female,Sales Representative,1,Single,3431,No,12,1,7,2
2235,20,No,Travel_Rarely,Research & Development,Technical Degree,Female,Manager,2,Single,17905,No,1,2,1,1
2236,24,Yes,Travel_Frequently,Research & Development,Technical Degree,Male,Manufacturing Director,3,Single,9292,Yes,5,1,5,4
2237,32,No,Travel_Rarely,Research & Development,Other,Female,Manufacturing Director,3,Single,10318,No,13,4,13,4
2238,50,No,Non-Travel,Research & Development,Medical,Male,Research Scientist,3,Single,4539,No,1,3,1,0
2239,37,Yes,Travel_Rarely,Sales,Medical,Male,Sales Representative,1,Single,3423,Yes,18,1,5,5
2240,58,No,Travel_Frequently,Research & Development,Other,Male,Research Director,2,Divorced,21298,No,11,3,8,0
2241,42,No,Travel_Rarely,Research & Development,Technical Degree,Female,Laboratory Technician,4,Divorced,3375,Yes,11,1,2,0
2242,43,No,Travel_Rarely,Sales,Medical,Male,Manager,3,Divorced,20781,Yes,12,2,3,0
2243,56,No,Travel_Rarely,Research & Development,Medical,Male,Manufacturing Director,2,Divorced,8885,No,12,3,12,3
2244,23,No,Travel_Rarely,Research & Development,Life Sciences,Male,Research Scientist,4,Divorced,5002,No,4,3,4,0
2245,33,No,Non-Travel,Human Resources,Life Sciences,Female,Human Resources,1,Single,3929,No,14,4,2,2
2246,54,No,Non-Travel,Sales,Medical,Male,Manager,4,Married,17706,No,24,4,4,0
2247,48,No,Travel_Rarely,Research & Development,Human Resources,Female,Manufacturing Director,2,Married,9374,No,4,1,4,1
2248,33,No,Travel_Frequently,Sales,Other,Male,Sales Executive,2,Single,7795,No,14,4,1,1
2249,20,Yes,Travel_Frequently,Sales,Technical Degree,Male,Sales Representative,2,Single,2314,No,1,1,0,0
2250,29,No,Travel_Rarely,Research & Development,Technical Degree,Male,Research Director,1,Single,14297,No,0,3,0,0
2251,53,No,Travel_Rarely,Research & Development,Life Sciences,Female,Laboratory Technician,4,Divorced,3852,No,4,2,4,0
2252,22,No,Travel_Rarely,Research & Development,Technical Degree,Male,Manager,2,Divorced,19339,No,3,1,3,3
2253,30,No,Non-Travel,Research & Development,Technical Degree,Male,Healthcare Representative,2,Single,7343,Yes,11,2,1,1
2254,32,No,Travel_Rarely,Sales,Marketing,Female,Manager,2,Married,22422,Yes,9,1,4,1
2255,27,No,Travel_Frequently,Human Resources,Human Resources,Male,Human Resources,2,Single,4693,No,8,1,8,2
2256,22,No,Travel_Rarely,Sales,Life Sciences,Male,Sales Executive,3,Married,8247,Yes,3,2,3,0
2257,27,No,Non-Travel,Research & Development,Other,Male,Research Scientist,1,Married,5373,No,6,3,3,3
2258,44,No,Non-Travel,Research & Development,Human Resources,Male,Manufacturing Director,2,Married,6542,Yes,23,1,0,0
2259,21,No,Travel_Rarely,Sales,Human Resources,Female,Manager,3,Single,18439,Yes,2,2,1,1
2260,29,No,Non-Travel,Research & Development,Marketing,Female,Healthcare Representative,1,Married,8721,No,1,3,0,0
2261,43,No,Travel_Rarely,Research & Development,Marketing,Female,Research Scientist,1,Divorced,5503,No,2,3,2,0
2262,44,No,Travel_Rarely,Sales,Technical Degree,Male,Sales Representative,1,Married,2881,Yes,25,3,6,1
2263,43,No,Travel_Rarely,Sales,Human Resources,Female,Sales Executive,4,Divorced,6414,Yes,1,2,1,0
2264,36,No,Non-Travel,Research & Development,Technical Degree,Male,Manufacturing Director,4,Divorced,7516,No,11,1,0,0
2265,24,No,Travel_Rarely,Sales,Medical,Female,Sales Representative,2,Divorced,2832,No,5,3,5,0
2266,34,No,Travel_Rarely,Sales,Other,Female,Manager,1,Married,20211,No,2,3,1,0
2267,36,No,Travel_Rarely,Sales,Human Resources,Female,Manager,3,Divorced,22249,No,4,4,3,2
2268,40,No,Travel_Frequently,Research & Development,Other,Female,Manager,4,Single,18031,No,21,4,2,0
2269,27,No,Travel_Rarely,Research & Development,Medical,Female,Manufacturing Director,3,Divorced,7573,No,0,1,0,0
2270,55,Yes,Non-Travel,Sales,Human Resources,Male,Sales Representative,3,Married,2474,No,4,2,2,1
2271,37,No,Travel_Rarely,Sales,Marketing,Female,Sales Executive,2,Married,6763,Yes,0,4,0,0
2272,47,No,Travel_Rarely,Sales,Human Resources,Male,Sales Executive,1,Married,6250,No,8,1,1,1
2273,29,Yes,Travel_Frequently,Human Resources,Marketing,Female,Manager,3,Divorced,17924,Yes,1,3,0,0
2274,51,No,Non-Travel,Research & Development,Medical,Male,Healthcare Representative,4,Divorced,8253,No,15,2,1,1
2275,28,No,Travel_Rarely,Research & Development,Life Sciences,Female,Manufacturing Director,2,Single,8217,No,2,2,2,1
2276,59,No,Travel_Frequently,Research & Development,Human Resources,Male,Research Scientist,3,Single,7781,Yes,12,3,10,3
2277,49,No,Travel_Rarely,Sales,Other,Female,Sales Executive,2,Single,6446,No,19,1,1,0
2278,32,No,Travel_Frequently,Human Resources,Other,Female,Human Resources,2,Married,4215,No,13,1,4,1
2279,44,Yes,Travel_Frequently,Research & Development,Marketing,Female,Research Director,2,Divorced,15156,No,1,3,1,1
2280,28,No,Travel_Rarely,Research & Development,Technical Degree,Male,Laboratory Technician,2,Married,3328,No,1,1,1,1
2281,46,No,Non-Travel,Sales,Technical Degree,Female,Sales Executive,4,Single,7516,Yes,5,1,4,4
2282,31,No,Travel_Rarely,Research & Development,Technical Degree,Female,Laboratory Technician,2,Divorced,2894,Yes,4,2,0,0
2283,35,No,Travel_Rarely,Research & Development,Medical,Male,Research Director,2,Divorced,19692,Yes,15,2,3,0
2284,37,No,Travel_Rarely,Sales,Marketing,Female,Manager,2,Single,19308,No,2,2,1,1
2285,40,No,Travel_Rarely,Research & Development,Human Resources,Male,Research Director,4,Divorced,16003,No,2,2,2,2
2286,50,No,Travel_Rarely,Sales,Marketing,Male,Sales Representative,3,Single,3114,Yes,3,1,3,0
2287,33,No,Travel_Rarely,Research & Development,Marketing,Female,Research Scientist,4,Married,5213,No,14,3,1,1
2288,35,Yes,Travel_Rarely,Sales,Human Resources,Female,Sales Representative,3,Married,3597,No,8,1,8,5
2289,55,No,Travel_Rarely,Research & Development,Life Sciences,Female,Research Scientist,4,Single,5181,Yes,27,3,0,0
2290,35,Yes,Travel_Rarely,Research & Development,Life Sciences,Male,Research Scientist,2,Divorced,4437,No,1,1,1,1
2291,46,No,Non-Travel,Sales,Technical Degree,Female,Manager,4,Married,21185,No,23,2,5,1
2292,30,No,Travel_Rarely,Sales,Human Resources,Male,Manager,4,Divorced,15308,No,1,4,1,1
2293,38,No,Non-Travel,Research & Development,Medical,Male,Manager,3,Single,18105,No,2,2,2,1
2294,41,No,Travel_Rarely,Sales,Human Resources,Male,Sales Executive,4,Single,8173,No,18,3,8,1
2295,48,No,Travel_Rarely,Sales,Life Sciences,Female,Manager,4,Single,18447,No,5,3,2,2
2296,46,No,Travel_Rarely,Research & Development,Other,Female,Manufacturing Director,2,Married,6289,No,11,4,0,0
2297,30,No,Travel_Rarely,Research & Development,Life Sciences,Female,Research Director,4,Divorced,18957,No,11,2,3,0
2298,30,No,Travel_Rarely,Research & Development,Other,Female,Research Scientist,2,Divorced,4958,No,4,1,0,0
2299,55,No,Travel_Rarely,Research & Development,Marketing,Male,Research Director,3,Married,17833,No,14,3,5,0
2300,38,No,Travel_Rarely,Research & Development,Marketing,Male,Research Scientist,3,Divorced,5718,No,9,3,3,3
2301,35,Yes,Travel_Rarely,Research & Development,Human Resources,Female,Healthcare Representative,3,Divorced,8101,Yes,0,4,0,0
2302,53,No,Travel_Rarely,Research & Development,Human Resources,Male,Research Director,1,Single,25419,Yes,10,4,10,1
2303,49,No,Travel_Rarely,Research & Development,Other,Male,Research Scientist,3,Single,4967,No,3,3,3,1
2304,21,No,Travel_Rarely,Sales,Medical,Female,Sales Executive,2,Single,6840,Yes,2,1,2,2
2305,32,No,Travel_Rarely,Sales,Human Resources,Female,Sales Executive,2,Single,8277,No,13,3,3,3
2306,24,No,Travel_Rarely,Research & Development,Medical,Male,Healthcare Representative,3,Single,8185,No,5,3,5,5
2307,54,No,Travel_Rarely,Sales,Medical,Female,Manager,2,Married,17926,No,4,1,4,0
2308,45,Yes,Travel_Rarely,Sales,Human Resources,Female,Sales Representative,4,Divorced,2813,No,2,1,0,0
2309,55,No,Travel_Rarely,Research & Development,Life Sciences,Female,Laboratory Technician,4,Married,2970,No,19,4,2,1
2310,38,No,Travel_Rarely,Sales,Other,Female,Sales Executive,1,Married,7217,No,2,2,2,0
2311,47,Yes,Travel_Rarely,Research & Development,Life Sciences,Male,Laboratory Technician,2,Married,4444,Yes,13,2,7,2
2312,32,No,Travel_Rarely,Research & Development,Marketing,Male,Research Scientist,1,Married,4503,No,2,4,0,0
2313,49,Yes,Travel_Rarely,Research & Development,Medical,Male,Laboratory Technician,3,Divorced,3208,No,9,2,2,2
2314,50,Yes,Non-Travel,Research & Development,Other,Male,Manufacturing Director,3,Single,8550,No,1,4,0,0
2315,29,No,Travel_Frequently,Research & Development,Other,Female,Laboratory Technician,4,Divorced,3138,No,10,3,0,0
2316,49,Yes,Travel_Rarely,Research & Development,Marketing,Male,Research Scientist,2,Divorced,5741,Yes,10,3,7,0
2317,28,No,Travel_Rarely,Research & Development,Other,Female,Healthcare Representative,3,Married,8397,No,9,1,3,0
2318,37,No,Travel_Rarely,Research & Development,Life Sciences,Male,Research Director,2,Single,20484,Yes,12,4,12,2
2319,22,No,Travel_Rarely,Sales,Life Sciences,Female,Sales Executive,4,Single,6273,No,1,1,1,1
2320,37,No,Travel_Rarely,Research & Development,Marketing,Male,Healthcare Representative,3,Married,10308,No,11,3,9,5
2321,28,No,Travel_Rarely,Sales,Medical,Male,Sales Executive,1,Single,8012,No,9,3,9,2
2322,39,Yes,Travel_Frequently,Research & Development,Marketing,Female,Healthcare Representative,1,Married,7535,No,11,2,1,1
2323,38,Yes,Travel_Rarely,Research & Development,Marketing,Female,Research Scientist,1,Divorced,5882,No,6,2,4,1
2324,58,No,Travel_Rarely,Research & Development,Human Resources,Male,Research Scientist,2,Single,5279,Yes,14,4,2,2
2325,45,Yes,Travel_Rarely,Human Resources,Life Sciences,Female,Manager,3,Married,18086,No,2,2,1,1
2326,57,No,Travel_Rarely,Research & Development,Technical Degree,Male,Laboratory Technician,1,Single,3890,Yes,1,3,1,1
2327,39,Yes,Travel_Rarely,Sales,Other,Female,Sales Representative,2,Divorced,3245,No,14,4,7,1
2328,21,Yes,Travel_Rarely,Research & Development,Human Resources,Male,Laboratory Technician,3,Single,3418,Yes,2,1,0,0
2329,21,No,Travel_Frequently,Research & Development,Life Sciences,Male,Research Scientist,1,Single,5749,Yes,2,2,2,2
2330,51,No,Travel_Rarely,Research & Development,Life Sciences,Male,Manufacturing Director,4,Divorced,10233,No,10,4,10,2
2331,35,No,Travel_Frequently,Sales,Medical,Female,Sales Representative,1,Married,2488,Yes,8,1,0,0
2332,34,No,Travel_Rarely,Research & Development,Life Sciences,Female,Healthcare Representative,4,Divorced,10004,No,15,3,4,2
2333,30,No,Travel_Rarely,Sales,Life Sciences,Female,Sales Representative,1,Single,2945,Yes,1,3,0,0
2334,32,No,Travel_Rarely,Research & Development,Other,Female,Research Director,1,Single,18850,No,13,1,0,0
2335,56,No,Travel_Rarely,Research & Development,Life Sciences,Male,Healthcare Representative,2,Single,10623,Yes,9,1,9,0
2336,45,Yes,Travel_Frequently,Research & Development,Technical Degree,Male,Healthcare Representative,2,Single,6295,Yes,0,3,0,0
2337,21,No,Travel_Rarely,Sales,Other,Male,Manager,3,Divorced,18430,Yes,2,2,1,0
2338,22,Yes,Travel_Rarely,Research & Development,Other,Male,Research Director,2,Divorced,14518,No,0,2,0,0
2339,32,No,Travel_Rarely,Research & Development,Life Sciences,Male,Healthcare Representative,4,Married,6961,No,2,2,2,2
2340,19,No,Travel_Rarely,Research & Development,Other,Male,Research Scientist,2,Married,5521,Yes,0,1,0,0
2341,57,No,Travel_Frequently,Research & Development,Technical Degree,Female,Healthcare Representative,1,Married,8124,No,13,4,0,0
2342,46,No,Travel_Frequently,Sales,Life Sciences,Male,Sales Executive,1,Married,7351,No,14,3,7,3
2343,26,No,Travel_Frequently,Research & Development,Technical Degree,Male,Healthcare Representative,2,Divorced,10034,No,6,3,4,0
2344,28,No,Travel_Rarely,Research & Development,Technical Degree,Male,Manager,3,Married,20938,No,9,1,2,2
2345,55,No,Travel_Rarely,Research & Development,Medical,Male,Research Director,1,Married,17567,No,22,4,1,0
2346,28,Yes,Travel_Rarely,Sales,Life Sciences,Female,Sales Representative,4,Married,3444,Yes,9,4,3,1
2347,35,Yes,Travel_Frequently,Research & Development,Technical Degree,Male,Healthcare Representative,2,Married,8501,Yes,8,3,6,3
2348,59,No,Travel_Rarely,Research & Development,Life Sciences,Male,Research Director,1,Divorced,20030,Yes,4,3,3,1
2349,19,No,Travel_Rarely,Research & Development,Marketing,Male,Healthcare Representative,4,Single,8845,Yes,0,1,0,0
2350,36,Yes,Travel_Frequently,Research & Development,Marketing,Male,Laboratory Technician,2,Divorced,3707,Yes,7,1,1,1
2351,35,No,Travel_Rarely,Research & Development,Life Sciences,Male,Healthcare Representative,2,Single,9203,No,16,4,8,0
2352,41,No,Travel_Rarely,Sales,Marketing,Female,Manager,2,Married,23276,No,12,1,8,1
2353,55,No,Travel_Rarely,Sales,Life Sciences,Male,Sales Representative,1,Divorced,3187,No,2,4,2,1
2354,60,No,Travel_Rarely,Research & Development,Marketing,Female,Healthcare Representative,1,Married,6818,No,16,2,0,0
2355,21,No,Travel_Rarely,Sales,Life Sciences,Female,Manager,3,Single,17760,No,2,2,1,0
2356,26,No,Travel_Frequently,Research & Development,Medical,Male,Laboratory Technician,2,Divorced,3955,Yes,3,2,2,1
2357,32,No,Travel_Rarely,Sales,Human Resources,Female,Sales Executive,4,Married,8868,Yes,13,3,6,0
2358,46,No,Non-Travel,Research & Development,Human Resources,Female,Research Director,1,Single,14897,Yes,3,2,0,0
2359,57,No,Travel_Frequently,Sales,Human Resources,Male,Manager,1,Divorced,18583,No,0,4,0,0
2360,29,No,Travel_Rarely,Human Resources,Other,Female,Manager,3,Single,19689,No,5,3,1,1
2361,27,Yes,Travel_Rarely,Research & Development,Marketing,Male,Manufacturing Director,1,Divorced,9311,No,8,4,2,1
2362,42,No,Travel_Rarely,Research & Development,Marketing,Female,Research Scientist,2,Divorced,4691,No,3,3,0,0
2363,37,No,Travel_Rarely,Research & Development,Other,Male,Manager,4,Single,17352,No,1,2,1,1
2364,51,No,Travel_Rarely,Research & Development,Other,Male,Healthcare Representative,2,Married,7093,Yes,7,2,1,0
2365,49,Yes,Travel_Rarely,Research & Development,Other,Female,Research Director,4,Single,20814,No,7,2,7,3
2366,39,No,Travel_Frequently,Research & Development,Other,Male,Research Scientist,2,Single,5056,No,2,4,2,0
2367,41,No,Travel_Rarely,Research & Development,Other,Female,Research Scientist,4,Divorced,6249,No,5,4,3,0
2368,33,No,Travel_Rarely,Research & Development,Marketing,Male,Manufacturing Director,4,Divorced,8212,No,2,3,2,1
2369,20,Yes,Travel_Rarely,Research & Development,Human Resources,Male,Research Director,2,Divorced,16702,No,1,3,0,0
2370,52,No,Travel_Rarely,Research & Development,Technical Degree,Male,Manager,3,Divorced,18154,No,3,4,2,2
2371,50,No,Travel_Rarely,Research & Development,Technical Degree,Female,Manufacturing Director,1,Divorced,8324,No,3,2,3,0
2372,59,No,Travel_Frequently,Research & Development,Marketing,Female,Manager,4,Married,24129,No,18,1,10,0
2373,36,Yes,Travel_Rarely,Research & Development,Medical,Male,Research Scientist,1,Single,5861,No,15,1,1,1
2374,46,No,Travel_Rarely,Research & Development,Marketing,Male,Manufacturing Director,1,Single,6832,No,18,3,0,0
2375,55,No,Travel_Rarely,Research & Development,Medical,Female,Research Director,4,Single,16788,Yes,9,4,1,0
2376,39,No,Non-Travel,Research & Development,Technical Degree,Male,Manager,3,Divorced,21621,No,13,2,4,0
2377,55,No,Travel_Frequently,Research & Development,Marketing,Female,Research Scientist,4,Single,6215,No,2,3,2,0
2378,21,Yes,Travel_Rarely,Sales,Life Sciences,Male,Sales Representative,1,Married,2885,Yes,2,1,2,0
2379,32,No,Travel_Rarely,Sales,Life Sciences,Male,Sales Representative,4,Divorced,3446,No,5,2,5,5
2380,57,No,Non-Travel,Research & Development,Technical Degree,Male,Manager,3,Married,20106,Yes,5,3,1,0
2381,47,No,Travel_Rarely,Research & Development,Life Sciences,Male,Manufacturing Director,2,Married,7190,No,10,3,0,0
2382,58,No,Travel_Rarely,Sales,Human Resources,Female,Sales Representative,2,Married,2428,No,0,4,0,0
2383,37,No,Travel_Rarely,Sales,Other,Female,Sales Executive,1,Married,6108,No,1,1,0,0
2384,40,Yes,Travel_Frequently,Research & Development,Other,Male,Laboratory Technician,1,Single,3957,Yes,7,1,7,5
2385,19,No,Travel_Frequently,Research & Development,Technical Degree,Male,Laboratory Technician,3,Divorced,2870,No,0,3,0,0
2386,56,No,Travel_Rarely,Research & Development,Human Resources,Male,Laboratory Technician,4,Divorced,3292,No,3,3,1,0
2387,53,No,Travel_Rarely,Sales,Medical,Female,Manager,3,Divorced,17962,Yes,14,1,1,1
2388,27,No,Travel_Rarely,Research & Development,Marketing,Male,Healthcare Representative,1,Single,6799,No,8,1,0,0
2389,56,No,Travel_Rarely,Sales,Medical,Female,Sales Executive,3,Married,7578,No,7,2,4,0
2390,19,No,Travel_Rarely,Research & Development,Human Resources,Female,Healthcare Representative,3,Single,7857,No,0,2,0,0
2391,44,No,Travel_Rarely,Sales,Other,Male,Sales Executive,2,Divorced,5811,Yes,1,2,1,0
2392,48,No,Travel_Rarely,Research & Development,Medical,Female,Healthcare Representative,3,Married,6562,No,1,1,1,0
2393,54,No,Travel_Rarely,Human Resources,Other,Female,Human Resources,2,Single,4475,Yes,10,2,0,0
2394,54,No,Travel_Rarely,Research & Development,Technical Degree,Female,Manager,2,Single,23995,No,6,3,6,6
2395,35,No,Travel_Rarely,Sales,Technical Degree,Female,Sales Executive,1,Single,7366,Yes,16,1,7,2
2396,22,Yes,Travel_Frequently,Research & Development,Marketing,Male,Laboratory Technician,2,Married,3497,Yes,3,1,0,0
2397,27,Yes,Travel_Rarely,Research & Development,Life Sciences,Female,Healthcare Representative,4,Single,7698,Yes,0,3,0,0
2398,19,Yes,Non-Travel,Sales,Life Sciences,Male,Manager,4,Divorced,15158,No,0,2,0,0
2399,21,No,Travel_Rarely,Research & Development,Human Resources,Female,Research Director,3,Divorced,16887,Yes,2,3,2,0
2400,50,No,Non-Travel,Research & Development,Life Sciences,Male,Research Scientist,3,Single,6022,No,1,3,1,1
2401,27,Yes,Travel_Rarely,Research & Development,Human Resources,Male,Manufacturing Director,3,Divorced,6244,No,2,1,0,0
2402,47,Yes,Travel_Rarely,Sales,Medical,Female,Manager,3,Married,20259,Yes,15,3,3,0
2403,57,Yes,Travel_Frequently,Sales,Life Sciences,Male,Sales Representative,3,Single,3851,Yes,17,3,7,0
2404,26,No,Travel_Rarely,Sales,Other,Female,Manager,4,Married,21753,Yes,3,3,3,1
2405,51,No,Travel_Rarely,Research & Development,Life Sciences,Male,Healthcare Representative,3,Married,8877,No,11,3,0,0
2406,24,Yes,Travel_Rarely,Research & Development,Technical Degree,Male,Research Director,4,Married,15232,No,5,3,0,0
2407,59,No,Travel_Rarely,Research & Development,Life Sciences,Male,Manager,3,Single,16567,No,1,4,1,0
2408,45,No,Travel_Frequently,Sales,Human Resources,Male,Manager,2,Single,21847,Yes,3,4,3,0
2409,19,No,Travel_Rarely,Research & Development,Other,Male,Manufacturing Director,3,Divorced,6257,No,0,4,0,0
2410,52,No,Travel_Rarely,Sales,Human Resources,Male,Manager,1,Single,19648,Yes,8,1,8,8
2411,31,Yes,Travel_Rarely,Sales,Human Resources,Female,Sales Representative,1,Married,3448,No,12,4,8,1
2412,54,No,Travel_Rarely,Research & Development,Life Sciences,Male,Research Scientist,3,Divorced,4975,Yes,5,2,5,0
2413,24,No,Travel_Rarely,Research & Development,Other,Female,Healthcare Representative,3,Single,7443,No,5,3,4,0
2414,59,Yes,Travel_Rarely,Human Resources,Marketing,Female,Human Resources,4,Divorced,4534,No,3,4,3,0
2415,37,No,Non-Travel,Research & Development,Human Resources,Male,Manufacturing Director,1,Single,9099,Yes,8,2,7,3
2416,24,Yes,Travel_Frequently,Research & Development,Technical Degree,Male,Research Director,3,Single,14845,No,5,1,0,0
2417,23,No,Travel_Rarely,Research & Development,Medical,Female,Research Director,2,Married,18488,No,4,4,4,4
2418,24,No,Travel_Rarely,Sales,Human Resources,Male,Sales Representative,1,Divorced,3074,No,1,4,0,0
2419,55,Yes,Travel_Rarely,Human Resources,Technical Degree,Female,Manager,2,Single,15308,Yes,0,2,0,0
2420,54,No,Travel_Frequently,Sales,Human Resources,Female,Sales Executive,2,Single,5729,No,2,2,0,0
2421,20,No,Travel_Rarely,Research & Development,Human Resources,Female,Laboratory Technician,3,Married,3249,No,1,2,1,1
2422,38,No,Travel_Rarely,Research & Development,Life Sciences,Female,Research Scientist,4,Single,6592,Yes,10,1,10,7
2423,59,No,Travel_Rarely,Sales,Technical Degree,Male,Sales Representative,4,Single,4960,Yes,40,1,19,0
2424,27,No,Travel_Rarely,Human Resources,Human Resources,Female,Human Resources,4,Single,5125,Yes,8,4,6,0
2425,23,No,Travel_Rarely,Research & Development,Life Sciences,Male,Manufacturing Director,3,Divorced,9979,No,4,3,4,1
2426,42,Yes,Travel_Rarely,Sales,Marketing,Female,Sales Executive,3,Single,7359,No,0,2,0,0
2427,45,No,Travel_Rarely,Sales,Marketing,Male,Sales Representative,4,Married,3932,Yes,21,3,8,1
2428,20,No,Travel_Rarely,Sales,Other,Male,Sales Executive,1,Divorced,6384,No,1,4,1,0
2429,19,No,Travel_Rarely,Sales,Marketing,Female,Sales Executive,2,Divorced,6292,No,0,1,0,0
2430,44,No,Non-Travel,Sales,Marketing,Female,Sales Representative,1,Single,2540,Yes,3,2,3,0
2431,24,No,Travel_Rarely,Research & Development,Medical,Female,Manufacturing Director,4,Single,6735,No,5,1,1,1
2432,60,No,Travel_Rarely,Sales,Other,Male,Manager,1,Single,16948,Yes,20,4,2,2
2433,21,No,Travel_Rarely,Sales,Technical Degree,Female,Sales Representative,4,Single,2734,Yes,2,1,1,1
2434,59,No,Travel_Rarely,Research & Development,Human Resources,Female,Research Scientist,1,Divorced,8319,No,14,3,12,0
2435,40,No,Travel_Rarely,Research & Development,Life Sciences,Female,Research Director,3,Single,21397,No,20,2,15,1
2436,47,No,Travel_Rarely,Research & Development,Life Sciences,Female,Manager,4,Single,17437,No,7,1,0,0
2437,26,No,Travel_Rarely,Research & Development,Life Sciences,Male,Research Director,4,Married,15831,Yes,7,3,3,3
2438,21,No,Travel_Rarely,Research & Development,Technical Degree,Male,Laboratory Technician,1,Single,3988,Yes,2,3,2,2
2439,37,No,Travel_Frequently,Sales,Technical Degree,Female,Sales Representative,1,Divorced,2749,Yes,2,4,2,0
2440,35,No,Non-Travel,Research & Development,Marketing,Male,Healthcare Representative,1,Single,8216,No,5,2,3,0
2441,26,No,Travel_Frequently,Research & Development,Human Resources,Female,Manager,2,Single,21112,Yes,7,2,7,3
2442,26,Yes,Travel_Rarely,Sales,Life Sciences,Female,Sales Executive,2,Divorced,7695,No,7,1,7,1
2443,19,No,Travel_Rarely,Research & Development,Technical Degree,Male,Research Scientist,3,Single,4796,Yes,0,4,0,0
2444,40,No,Travel_Frequently,Research & Development,Medical,Female,Research Director,3,Divorced,16504,No,2,4,2,0
2445,46,No,Travel_Rarely,Research & Development,Life Sciences,Female,Research Director,1,Married,16690,No,19,2,0,0
2446,27,No,Travel_Rarely,Research & Development,Other,Female,Research Scientist,4,Single,5386,No,2,1,2,1
2447,20,No,Travel_Rarely,Sales,Life Sciences,Female,Sales Representative,4,Single,2982,No,1,4,1,1
2448,48,No,Travel_Rarely,Research & Development,Human Resources,Male,Research Scientist,4,Single,5120,No,2,2,2,1
2449,38,No,Non-Travel,Sales,Human Resources,Male,Sales Representative,3,Married,3441,No,19,3,4,2
2450,30,No,Travel_Frequently,Sales,Technical Degree,Female,Manager,2,Married,20290,No,4,3,4,1
2451,47,Yes,Travel_Frequently,Sales,Other,Female,Sales Executive,2,Married,7075,Yes,10,3,2,0
2452,41,No,Travel_Rarely,Research & Development,Other,Female,Laboratory Technician,4,Divorced,3652,No,9,1,1,1
2453,22,No,Non-Travel,Research & Development,Technical Degree,Male,Laboratory Technician,2,Married,3327,No,3,4,3,3
2454,46,No,Travel_Rarely,Research & Development,Technical Degree,Female,Healthcare Representative,1,Divorced,10311,No,27,4,8,0
2455,29,No,Travel_Rarely,Research & Development,Technical Degree,Male,Manufacturing Director,2,Married,6275,No,5,2,0,0
2456,22,No,Non-Travel,Research & Development,Technical Degree,Female,Laboratory Technician,4,Divorced,3374,Yes,3,3,1,1
2457,25,No,Travel_Rarely,Sales,Medical,Male,Sales Representative,3,Married,2771,No,5,4,0,0
2458,46,Yes,Travel_Frequently,Sales,Marketing,Male,Sales Executive,4,Divorced,7359,Yes,27,1,0,0
2459,23,No,Travel_Rarely,Research & Development,Medical,Female,Healthcare Representative,2,Single,7456,No,0,1,0,0
2460,19,No,Travel_Rarely,Research & Development,Life Sciences,Female,Manager,3,Single,15732,No,0,4,0,0
2461,46,No,Travel_Rarely,Research & Development,Marketing,Female,Healthcare Representative,3,Single,10229,No,27,3,14,0
2462,57,No,Travel_Frequently,Research & Development,Medical,Female,Laboratory Technician,2,Divorced,3818,Yes,2,1,2,0
2463,46,No,Travel_Frequently,Sales,Marketing,Female,Manager,4,Single,17344,No,0,2,0,0
2464,58,No,Travel_Rarely,Research & Development,Technical Degree,Female,Manufacturing Director,3,Married,9460,No,13,1,5,0
2465,29,Yes,Travel_Frequently,Research & Development,Life Sciences,Female,Research Scientist,1,Married,4342,No,0,2,0,0
2466,58,Yes,Travel_Frequently,Research & Development,Medical,Male,Laboratory Technician,3,Single,2758,Yes,0,2,0,0
2467,21,No,Non-Travel,Sales,Human Resources,Male,Sales Executive,2,Single,6498,No,1,3,1,1
2468,51,No,Travel_Rarely,Research & Development,Marketing,Male,Research Director,2,Married,23652,No,16,2,9,0
2469,46,Yes,Travel_Frequently,Research & Development,Marketing,Female,Research Director,2,Single,17346,No,1,1,1,0
